ID;OID;TYPE;NAME;LEVEL;PATIENT_INFO;SHELF_LIFE;STORAGE_TYPE;EXTENDED_LIFE;UNLIMITED_LIFE;MO_SIGN;FORMAT;START_DATE;END_DATE;IMPLEMENTATION_GUIDE;GIT_LINK;SHOW_PATIENT;IS_ONLINE;DAYS_COUNT;SERIES_REQUIRED
66;66;108;"Протокол хирургической операции (PDF/A-1)";0;"Обязательны с указанием СНИЛС";"25 лет";"Хранится в МО";"Да";"Да";"Да";1;"06.04.2021";;;;"Нет";"Нет";;"Нет"
120;120;374;"Согласие гражданина (его законного или уполномоченного представителя) на направление и проведение медико-социальной экспертизы (PDF/A-1)";0;"Обязательны с указанием СНИЛС";"25 лет";"Выдается МО";"Да";"Да";"Да";1;"18.07.2022";"29.03.2023";;;"Нет";"Нет";;"Нет"
6;6;5;"Протокол консультации (PDF/A-1)";0;"Обязательны с указанием СНИЛС";"25 лет";"Хранится в МО";"Да";"Да";"Да";1;"04.07.2018";"01.01.2024";;;"Да";"Нет";;"Нет"
5;5;6;"Протокол инструментального исследования (PDF/A-1)";0;"Обязательны с указанием СНИЛС";"25 лет";"Хранится в МО";"Да";"Да";"Да";1;"04.07.2018";"01.01.2024";;;"Да";"Нет";;"Нет"
51;51;40;"Карта профилактического медицинского осмотра несовершеннолетнего (PDF/A-1)";0;"Обязательны с указанием СНИЛС";"25 лет";"Хранится в МО";"Да";"Да";"Да";1;"17.10.2020";;;;"Нет";"Нет";;"Нет"
52;52;41;"Медицинская карта пациента, получающего медицинскую помощь в амбулаторных условиях (PDF/A-1)";0;"Обязательны с указанием СНИЛС";"25 лет";"Хранится в МО";"Да";"Да";"Да";1;"17.10.2020";;;;"Нет";"Нет";;"Нет"
53;53;42;"Контрольная карта диспансерного наблюдения (PDF/A-1)";0;"Обязательны с указанием СНИЛС";"25 лет";"Хранится в МО";"Да";"Да";"Да";1;"17.10.2020";;;;"Нет";"Нет";;"Нет"
54;54;44;"Контрольная карта диспансеризации (профилактических медицинских осмотров) (PDF/A-1)";0;"Обязательны с указанием СНИЛС";"25 лет";"Хранится в МО";"Да";"Да";"Да";1;"17.10.2020";;;;"Нет";"Нет";;"Нет"
55;55;45;"Медицинское заключение об отсутствии медицинских противопоказаний к владению оружием (PDF/A-1)";0;"Обязательны с указанием СНИЛС";"25 лет";"Хранится в МО";"Да";"Да";"Да";1;"17.10.2020";"27.01.2022";;;"Нет";"Нет";;"Нет"
56;56;46;"Медицинское заключение об отсутствии в организме человека наркотических средств, психотропных веществ и их метаболитов (PDF/A-1)";0;"Обязательны с указанием СНИЛС";"25 лет";"Хранится в МО";"Да";"Да";"Да";1;"17.10.2020";"27.01.2022";;;"Нет";"Нет";;"Нет"
67;67;109;"Протокол медицинской манипуляции (PDF/A1)";0;"Обязательны с указанием СНИЛС";"25 лет";"Хранится в МО";"Да";"Да";"Да";1;"06.04.2021";"01.01.2024";;;"Нет";"Нет";;"Нет"
7;7;7;"Протокол лабораторного исследования (PDF/A-1)";0;"Обязательны с указанием СНИЛС";"25 лет";"Хранится в МО";"Да";"Да";"Да";1;"04.07.2018";"01.01.2024";;;"Да";"Нет";;"Нет"
8;8;36;"Протокол телемедицинской консультации (PDF/A-1)";0;"Не обязательны";"25 лет";"Хранится в МО";"Да";"Да";"Нет";1;"13.08.2018";"01.01.2024";;;"Нет";"Нет";;"Нет"
102;102;344;"Справка об отказе в направлении на медико-социальную экспертизу (CDA) Редакция 1";3;"Обязательны с указанием СНИЛС";"25 лет";"Хранится в МО";"Да";"Да";"Да";2;"04.11.2021";"27.12.2022";"https://portal.egisz.rosminzdrav.ru/materials/3987";"1.2.643.5.1.13.13.15.6.1";"Нет";"Нет";;"Нет"
104;104;59;"Экстренное извещение об инфекционном заболевании, пищевом, остром профессиональном отравлении, необычной реакции на прививку (CDA) Редакция 1";3;"Не обязательны";"25 лет";"Хранится в МО";"Да";"Да";"Да";2;"04.11.2021";;"https://portal.egisz.rosminzdrav.ru/materials/3983";"1.2.643.5.1.13.13.15.70.1";"Нет";"Нет";;"Нет"
113;113;353;"Документ, содержащий сведения медицинского свидетельства о смерти в бумажной форме (CDA) Редакция 5";3;"Не обязательны";"25 лет";"Выдается МО";"Да";"Да";"Да";2;"03.03.2021";;"https://portal.egisz.rosminzdrav.ru/materials/3815";"1.2.643.5.1.13.13.15.36.5";"Нет";"Нет";;"Да"
114;114;354;"Документ, содержащий сведения медицинского свидетельства о перинатальной смерти в бумажной форме (CDA) Редакция 2";3;"Не обязательны";"25 лет";"Выдается МО";"Да";"Да";"Да";2;"03.03.2021";;"https://portal.egisz.rosminzdrav.ru/materials/3817";"1.2.643.5.1.13.13.15.38.2";"Нет";"Нет";;"Да"
116;116;362;"Уведомление о выявлении противопоказаний или аннулировании медицинских заключений к владению оружием (CDA) Редакция 1";3;"Обязательны с указанием СНИЛС";"25 лет";"Хранится в МО";"Да";"Да";"Да";2;"15.02.2022";;"https://portal.egisz.rosminzdrav.ru/materials/4049";"1.2.643.5.1.13.13.15.62.1";"Нет";"Нет";;"Нет"
118;118;33;"Документ, содержащий сведения медицинского свидетельства о рождении в бумажной форме (CDA) Редакция 4";3;"Не обязательны";"25 лет";"Выдается МО";"Да";"Да";"Да";2;"21.02.2021";;"https://portal.egisz.rosminzdrav.ru/materials/3849";"1.2.643.5.1.13.13.15.39.4";"Нет";"Нет";;"Да"
123;123;241;"Направление на госпитализацию для оказания высокотехнологичной медицинской помощи (CDA) Редакция 2";3;"Обязательны с указанием СНИЛС";"25 лет";"Хранится в МО";"Да";"Да";"Да";2;"18.11.2022";;"https://portal.egisz.rosminzdrav.ru/materials/4257";"1.2.643.5.1.13.13.15.33.2";"Нет";"Нет";;"Нет"
124;124;346;"Направление на госпитализацию для оказания специализированной медицинской помощи (CDA) Редакция 2";3;"Обязательны с указанием СНИЛС";"25 лет";"Хранится в МО";"Да";"Да";"Да";2;"18.11.2022";;"https://portal.egisz.rosminzdrav.ru/materials/4255";"1.2.643.5.1.13.13.15.34.2";"Нет";"Нет";;"Нет"
13;13;13;"Медицинское свидетельство о смерти (CDA) Редакция 2";3;"Не обязательны";"25 лет";"Выдается МО";"Да";"Да";"Да";2;"16.10.2018";"31.08.2021";"https://portal.egisz.rosminzdrav.ru/materials/2931";"1.2.643.5.1.13.13.15.35.2";"Нет";"Нет";;"Да"
131;131;81;"Направление к месту лечения для получения медицинской помощи (CDA) Редакция 3";3;"Обязательны с указанием СНИЛС";"25 лет";"Выдается МО";"Да";"Да";"Да";2;"20.04.2023";;"https://portal.egisz.rosminzdrav.ru/materials/4311";"1.2.643.5.1.13.13.15.67.3";"Нет";"Нет";;"Нет"
138;138;375;"Программа дополнительного обследования гражданина (CDA) Редакция 1";3;"Не обязательны";"25 лет";"Хранится в МО";"Да";"Да";"Да";2;"06.02.2023";;"https://portal.egisz.rosminzdrav.ru/materials/4285";"1.2.643.5.1.13.13.15.40.1";"Нет";"Нет";;"Нет"
142;142;368;"Заключение об установлении факта поствакцинального осложнения (CDA) Редакция 1";3;"Обязательны с указанием СНИЛС";"25 лет";"Хранится в МО";"Да";"Да";"Да";2;"30.10.2022";;"https://portal.egisz.rosminzdrav.ru/materials/4275";"1.2.643.5.1.13.13.15.64.1";"Нет";"Нет";;"Нет"
143;143;367;"Заключение лечебного учреждения о нуждаемости престарелого гражданина в постоянном постороннем уходе (CDA) Редакция 1";3;"Обязательны с указанием СНИЛС";"25 лет";"Хранится в МО";"Да";"Да";"Да";2;"30.10.2022";;"https://portal.egisz.rosminzdrav.ru/materials/4273";"1.2.643.5.1.13.13.15.63.1";"Нет";"Нет";;"Нет"
145;145;370;"Справка о наличии медицинских показаний, в соответствии с которыми ребенок не посещает дошкольную организацию или организацию, осуществляющую образовательную деятельность по основным общеобразовательным программам, в период учебного процесса (CDA) Редакция 1";3;"Обязательны с указанием СНИЛС";"25 лет";"Хранится в МО";"Да";"Да";"Да";2;"30.10.2022";;"https://portal.egisz.rosminzdrav.ru/materials/4279";"1.2.643.5.1.13.13.15.66.1";"Нет";"Нет";;"Нет"
150;150;91;"Медицинская справка в бассейн (CDA) Редакция 3";3;"Обязательны с указанием СНИЛС";"25 лет";"Выдается МО";"Да";"Да";"Да";2;"30.06.2023";;"https://portal.egisz.rosminzdrav.ru/materials/4297";"1.2.643.5.1.13.13.15.53.3";"Нет";"Нет";;"Нет"
182;182;357;"Обратный талон санаторно-курортной карты (CDA) Редакция 2";3;"Обязательны с указанием СНИЛС";"25 лет";"Хранится в МО";"Да";"Да";"Да";2;"30.06.2023";;"https://portal.egisz.rosminzdrav.ru/materials/4299";"1.2.643.5.1.13.13.15.11.2";"Нет";"Нет";;"Нет"
183;183;361;"Обратный талон санаторно-курортной карты для детей (CDA) Редакция 2";3;"Обязательны с указанием СНИЛС";"25 лет";"Хранится в МО";"Да";"Да";"Да";2;"20.04.2023";;"https://portal.egisz.rosminzdrav.ru/materials/4301";"1.2.643.5.1.13.13.15.12.2";"Нет";"Нет";;"Нет"
33;33;33;"Медицинское свидетельство о рождении (CDA) Редакция 3";3;"Не обязательны";"25 лет";"Выдается МО";"Да";"Да";"Да";2;"16.10.2018";"16.02.2022";"https://portal.egisz.rosminzdrav.ru/materials/2929";"1.2.643.5.1.13.13.15.39.3";"Нет";"Нет";;"Да"
35;35;35;"Сведения о результатах проведенной медико-социальной экспертизы (CDA) Редакция 2";3;"Обязательны с указанием СНИЛС";"25 лет";"Выдается МО";"Да";"Да";"Да";2;"16.10.2018";;"https://portal.egisz.rosminzdrav.ru/materials/3477";"1.2.643.5.1.13.13.15.5.2";"Нет";"Нет";;"Нет"
37;37;37;"Льготный рецепт на лекарственный препарат и специальное питание (CDA) Редакция 1";3;"Обязательны с указанием СНИЛС";"25 лет";"Выдается МО";"Да";"Да";"Да";2;"25.11.2020";"15.03.2021";"https://portal.egisz.rosminzdrav.ru/materials/3741";"1.2.643.5.1.13.13.15.1.1";"Нет";"Нет";;"Да"
38;38;38;"Отпуск по рецепту на лекарственный препарат и специальное питание (CDA) Редакция 1";3;"Обязательны с указанием СНИЛС";"25 лет";"Выдается МО";"Да";"Да";"Да";2;"25.11.2020";"10.03.2021";"https://portal.egisz.rosminzdrav.ru/materials/3739";"1.2.643.5.1.13.13.15.2.1";"Нет";"Нет";;"Нет"
4;4;8;"Медицинская справка о допуске к управлению транспортными средствами (CDA) Редакция 1";3;"Обязательны с указанием СНИЛС";"25 лет";"Выдается МО";"Да";"Да";"Да";2;"16.10.2018";;"https://portal.egisz.rosminzdrav.ru/materials/2927";"1.2.643.5.1.13.13.15.43.1";"Нет";"Нет";;"Нет"
47;47;14;"Медицинское свидетельство о перинатальной смерти (CDA) Редакция 1";3;"Не обязательны";"25 лет";"Выдается МО";"Да";"Да";"Да";2;"08.09.2020";"31.08.2021";"https://portal.egisz.rosminzdrav.ru/materials/3605";"1.2.643.5.1.13.13.15.37.1";"Нет";"Нет";;"Да"
57;57;13;"Медицинское свидетельство о смерти (CDA) Редакция 4";3;"Не обязательны";"25 лет";"Выдается МО";"Да";"Да";"Да";2;"15.12.2020";"31.08.2021";"https://portal.egisz.rosminzdrav.ru/materials/3753";"1.2.643.5.1.13.13.15.35.4";"Нет";"Нет";;"Да"
58;58;13;"Медицинское свидетельство о смерти (CDA) Редакция 5";3;"Не обязательны";"25 лет";"Выдается МО";"Да";"Да";"Да";2;"03.03.2021";;"https://portal.egisz.rosminzdrav.ru/materials/3815";"1.2.643.5.1.13.13.15.35.5";"Нет";"Нет";;"Да"
59;59;14;"Медицинское свидетельство о перинатальной смерти (CDA) Редакция 2";3;"Не обязательны";"25 лет";"Выдается МО";"Да";"Да";"Да";2;"03.03.2021";;"https://portal.egisz.rosminzdrav.ru/materials/3817";"1.2.643.5.1.13.13.15.37.2";"Нет";"Нет";;"Да"
60;60;38;"Отпуск по рецепту на лекарственный препарат, изделие медицинского назначения и специализированный продукт лечебного питания (CDA) Редакция 2";3;"Обязательны с указанием СНИЛС";"25 лет";"Выдается МО";"Да";"Да";"Да";2;"10.03.2021";;"https://portal.egisz.rosminzdrav.ru/materials/3819";"1.2.643.5.1.13.13.15.2.2";"Нет";"Нет";;"Нет"
69;69;11;"Протокол гемотрансфузии (CDA) Редакция 3";3;"Обязательны с указанием СНИЛС";"25 лет";"Хранится в МО";"Да";"Да";"Да";2;"16.04.2021";;"https://portal.egisz.rosminzdrav.ru/materials/3847";"1.2.643.5.1.13.13.15.24.3";"Нет";"Нет";;"Нет"
71;71;71;"Медицинское заключение об отсутствии противопоказаний к занятию определенными видами спорта (CDA) Редакция 1";3;"Обязательны с указанием СНИЛС";"25 лет";"Выдается МО";"Да";"Да";"Да";2;"16.04.2021";"07.12.2022";"https://portal.egisz.rosminzdrav.ru/materials/3839";"1.2.643.5.1.13.13.15.54.1";"Нет";"Нет";;"Нет"
76;76;33;"Медицинское свидетельство о рождении (CDA) Редакция 4";3;"Не обязательны";"25 лет";"Выдается МО";"Да";"Да";"Да";2;"26.04.2021";;"https://portal.egisz.rosminzdrav.ru/materials/3849";"1.2.643.5.1.13.13.15.39.4";"Нет";"Нет";;"Да"
109;109;34;"Направление на медико-социальную экспертизу (CDA) Редакция 5";3;"Обязательны с указанием СНИЛС";"25 лет";"Выдается МО";"Да";"Да";"Да";2;"01.01.2022";"15.03.2023";"https://portal.egisz.rosminzdrav.ru/materials/4011";"1.2.643.5.1.13.13.15.4.5";"Да";"Нет";;"Нет"
34;34;34;"Направление на медико-социальную экспертизу медицинской организацией (CDA) Редакция 4";3;"Обязательны с указанием СНИЛС";"25 лет";"Выдается МО";"Да";"Да";"Да";2;"16.10.2018";"30.06.2022";"https://portal.egisz.rosminzdrav.ru/materials/2947";"1.2.643.5.1.13.13.15.4.4";"Да";"Нет";;"Нет"
110;110;6;"Протокол инструментального исследования (CDA) Редакция 3";3;"Обязательны с указанием СНИЛС";"25 лет";"Хранится в МО";"Да";"Да";"Да";2;"01.01.2022";;"https://portal.egisz.rosminzdrav.ru/materials/4021";"1.2.643.5.1.13.13.15.17.3";"Да";"Нет";;"Нет"
119;119;5;"Протокол консультации (CDA) Редакция 4";3;"Обязательны с указанием СНИЛС";"25 лет";"Хранится в МО";"Да";"Да";"Да";2;"01.01.2022";;"https://portal.egisz.rosminzdrav.ru/materials/4023";"1.2.643.5.1.13.13.15.13.4";"Да";"Нет";;"Нет"
121;121;34;"Направление на медико-социальную экспертизу (CDA) Редакция 6";3;"Обязательны с указанием СНИЛС";"25 лет";"Выдается МО";"Да";"Да";"Да";2;"24.11.2022";;"https://portal.egisz.rosminzdrav.ru/materials/4283";"1.2.643.5.1.13.13.15.4.6";"Да";"Нет";;"Нет"
122;122;141;"Сведения о результатах диспансеризации или профилактического медицинского осмотра (CDA) Редакция 2";3;"Обязательны с указанием СНИЛС";"25 лет";"Хранится в МО";"Да";"Да";"Да";2;"01.01.2023";;"https://portal.egisz.rosminzdrav.ru/materials/4099";"1.2.643.5.1.13.13.15.74.2";"Да";"Нет";;"Нет"
75;75;7;"Протокол лабораторного исследования (CDA) Редакция 4";3;"Обязательны с указанием СНИЛС";"25 лет";"Выдается МО";"Да";"Да";"Да";2;"16.04.2021";;"https://portal.egisz.rosminzdrav.ru/materials/3835";"1.2.643.5.1.13.13.15.18.4";"Да";"Нет";;"Нет"
77;77;1;"Эпикриз в стационаре выписной (CDA) Редакция 4";3;"Обязательны с указанием СНИЛС";"25 лет";"Хранится в МО";"Да";"Да";"Да";2;"30.06.2021";;"https://portal.egisz.rosminzdrav.ru/materials/3903";"1.2.643.5.1.13.13.15.25.4";"Да";"Нет";;"Нет"
96;96;141;"Сведения о результатах диспансеризации или профилактического медицинского осмотра (CDA) Редакция 1";3;"Обязательны с указанием СНИЛС";"25 лет";"Хранится в МО";"Да";"Да";"Да";2;"08.07.2021";"01.09.2023";"https://portal.egisz.rosminzdrav.ru/materials/3901";"1.2.643.5.1.13.13.15.74.1";"Да";"Нет";;"Нет"
171;171;8;"Медицинское заключение о наличии (об отсутствии) у водителей транспортных средств медицинских противопоказаний, медицинских показаний или медицинских ограничений к управлению транспортными средствами (CDA) Редакция 3";3;"Обязательны с указанием СНИЛС";"25 лет";"Выдается МО";"Да";"Да";"Да";2;"28.08.2023";;"https://portal.egisz.rosminzdrav.ru/materials/4109";"1.2.643.5.1.13.13.15.43.3";"Нет";"Нет";;"Нет"
148;148;86;"Рецепт на лекарственный препарат (CDA) Редакция 2";3;"Обязательны с указанием СНИЛС";"25 лет";"Выдается МО";"Да";"Да";"Да";2;"28.08.2023";;"https://portal.egisz.rosminzdrav.ru/materials/4321";"1.2.643.5.1.13.13.15.3.2";"Да";"Нет";;"Нет"
134;134;345;"Предоперационный эпикриз (CDA) Редакция 1";3;"Не обязательны";"25 лет";"Хранится в МО";"Да";"Да";"Да";2;"28.08.2023";;"https://portal.egisz.rosminzdrav.ru/materials/4107";"1.2.643.5.1.13.13.15.29.1";"Нет";"Нет";;"Нет"
140;140;38;"Отпуск по рецепту на лекарственный препарат, изделие медицинского назначения и специализированный продукт лечебного питания (CDA) Редакция 4";3;"Не обязательны";"25 лет";"Хранится в МО";"Да";"Да";"Да";2;"28.08.2023";;"https://portal.egisz.rosminzdrav.ru/materials/4317";"1.2.643.5.1.13.13.15.2.4";"Нет";"Нет";;"Нет"
130;130;352;"Уведомление о причинах возврата направления на медико-социальную экспертизу в медицинскую организацию (CDA) Редакция 2";3;"Обязательны с указанием СНИЛС";"25 лет";"Выдается МО";"Да";"Да";"Да";2;"14.08.2023";;"https://portal.egisz.rosminzdrav.ru/materials/4329";"1.2.643.5.1.13.13.15.7.2";"Нет";"Нет";;"Нет"
139;139;89;"Справка о результатах химико-токсикологических исследований (CDA) Редакция 2";3;"Не обязательны";"25 лет";"Хранится в МО";"Да";"Да";"Да";2;"28.08.2023";;"https://portal.egisz.rosminzdrav.ru/materials/4433";"1.2.643.5.1.13.13.15.19.2";"Нет";"Нет";;"Нет"
160;160;372;"Протокол телемедицинской консультации для трансграничных телемедицинских решений (CDA) Редакция 1";3;"Обязательны с указанием СНИЛС";"25 лет";"Хранится в МО";"Да";"Да";"Да";2;"28.08.2023";;"https://portal.egisz.rosminzdrav.ru/materials/4423";"1.2.643.5.1.13.13.15.16.1";"Нет";"Нет";;"Нет"
163;163;109;"Протокол медицинской манипуляции (CDA) Редакция 1";3;"Обязательны с указанием СНИЛС";"25 лет";"Хранится в МО";"Да";"Да";"Да";2;"14.08.2023";;"https://portal.egisz.rosminzdrav.ru/materials/4411";"1.2.643.5.1.13.13.15.23.1";"Нет";"Нет";;"Нет"
164;164;59;"Экстренное извещение об инфекционном заболевании, пищевом, остром профессиональном отравлении, необычной реакции на прививку (CDA) Редакция 2";3;"Не обязательны";"25 лет";"Хранится в МО";"Да";"Да";"Да";2;"28.08.2023";;"https://portal.egisz.rosminzdrav.ru/materials/4425";"1.2.643.5.1.13.13.15.70.2";"Нет";"Нет";;"Нет"
173;173;11;"Протокол гемотрансфузии (CDA) Редакция 4";3;"Обязательны с указанием СНИЛС";"25 лет";"Хранится в МО";"Да";"Да";"Да";2;"28.08.2023";;"https://portal.egisz.rosminzdrav.ru/materials/4427";"1.2.643.5.1.13.13.15.24.4";"Нет";"Нет";;"Нет"
178;178;48;"Санаторно-курортная карта (CDA) Редакция 2";3;"Обязательны с указанием СНИЛС";"25 лет";"Хранится в МО";"Да";"Да";"Да";2;"14.08.2023";;"https://portal.egisz.rosminzdrav.ru/materials/4347";"1.2.643.5.1.13.13.15.9.2";"Нет";"Нет";;"Нет"
179;179;50;"Санаторно-курортная карта для детей (CDA) Редакция 2";3;"Обязательны с указанием СНИЛС";"25 лет";"Хранится в МО";"Да";"Да";"Да";2;"14.08.2023";;"https://portal.egisz.rosminzdrav.ru/materials/4349";"1.2.643.5.1.13.13.15.10.2";"Нет";"Нет";;"Нет"
184;184;184;"Извещение о больном с впервые в жизни установленным диагнозом злокачественного новообразования (CDA) Редакция 1";3;"Обязательны с указанием СНИЛС";"25 лет";"Хранится в МО";"Да";"Да";"Да";2;"14.08.2023";;"https://portal.egisz.rosminzdrav.ru/materials/4355";"1.2.643.5.1.13.13.15.80.1";"Нет";"Нет";;"Нет"
187;187;35;"Сведения о результатах проведенной медико-социальной экспертизы (CDA) Редакция 3";3;"Обязательны с указанием СНИЛС";"25 лет";"Выдается МО";"Да";"Да";"Да";2;"14.08.2023";;"https://portal.egisz.rosminzdrav.ru/materials/4359";"1.2.643.5.1.13.13.15.5.3";"Нет";"Нет";;"Нет"
190;190;371;"Протокол консилиума врачей (онкологического) (CDA) Редакция 1";3;"Обязательны с указанием СНИЛС";"25 лет";"Хранится в МО";"Да";"Да";"Да";2;"14.08.2023";;"https://portal.egisz.rosminzdrav.ru/materials/4375";"1.2.643.5.1.13.13.15.79.1";"Нет";"Нет";;"Нет"
197;197;73;"Медицинское заключение о допуске к выполнению работ на высоте, верхолазных работ, работ, связанных с подъемом на высоту, а также по обслуживанию подъемных сооружений (CDA) Редакция 2";3;"Обязательны с указанием СНИЛС";"25 лет";"Выдается МО";"Да";"Да";"Да";2;"28.09.2023";;"https://portal.egisz.rosminzdrav.ru/materials/4451";"1.2.643.5.1.13.13.15.55.2";"Нет";"Нет";;"Нет"
199;199;396;"Извещение о поступлении (обращении) пациента, а также в случае смерти пациента, личность которого не установлена (CDA) Редакция 1";3;"Не обязательны";"25 лет";"Хранится в МО";"Да";"Да";"Да";2;"28.09.2023";;"https://portal.egisz.rosminzdrav.ru/materials/4455";"1.2.643.5.1.13.13.15.89.1";"Нет";"Нет";;"Нет"
200;200;351;"Этапный эпикриз (CDA) Редакция 2";3;"Обязательны с указанием СНИЛС";"25 лет";"Хранится в МО";"Да";"Да";"Да";2;"28.09.2023";;"https://portal.egisz.rosminzdrav.ru/materials/4457";"1.2.643.5.1.13.13.15.30.2";"Нет";"Нет";;"Нет"
201;201;113;"Статистическая карта выбывшего из медицинской организации, оказывающей медицинскую помощь в стационарных условиях, в условиях дневного стационара (CDA) Редакция 2";3;"Обязательны с указанием СНИЛС";"25 лет";"Хранится в МО";"Да";"Да";"Да";2;"28.09.2023";;"https://portal.egisz.rosminzdrav.ru/materials/4459";"1.2.643.5.1.13.13.15.76.2";"Нет";"Нет";;"нет"
203;203;79;"Медицинская справка (CDA) Редакция 1";3;"Обязательны с указанием СНИЛС";"25 лет";"Выдается МО";"Да";"Да";"Да";2;"28.09.2023";;"https://portal.egisz.rosminzdrav.ru/materials/4463";"1.2.643.5.1.13.13.15.98.1";"Нет";"Нет";;"Нет"
189;189;108;"Протокол оперативного вмешательства (операции) (CDA) Редакция 1";3;"Обязательны с указанием СНИЛС";"25 лет";"Хранится в МО";"Да";"Да";"Да";2;"28.08.2023";;"https://portal.egisz.rosminzdrav.ru/materials/4363";"1.2.643.5.1.13.13.15.77.1";"Нет";"Нет";;"Нет"
208;208;78;"Справка о состоянии здоровья по месту требования (CDA) Редакция 1";3;"Обязательны с указанием СНИЛС";"25 лет";"Выдается МО";"Да";"Да";"Да";2;"28.09.2023";;"https://portal.egisz.rosminzdrav.ru/materials/4463";"1.2.643.5.1.13.13.15.84.1";"Нет";"Нет";;"Нет"
204;204;480;"Медицинское заключение (CDA) Редакция 1";3;"Обязательны с указанием СНИЛС";"25 лет";"Выдается МО";"Да";"Да";"Да";2;"21.11.2023";;"https://portal.egisz.rosminzdrav.ru/materials/4483";"1.2.643.5.1.13.13.15.105.1";"Нет";"Нет";;"Нет"
210;210;106;"Талон № 2 на получение специальных талонов (именных направлений) на проезд к месту лечения для получения медицинской помощи (CDA) Редакция 4";3;"Обязательны с указанием СНИЛС";"25 лет";"Выдается МО";"Да";"Да";"Да";2;"08.12.2023";;"https://portal.egisz.rosminzdrav.ru/materials/4487";"1.2.643.5.1.13.13.15.68.4";"Нет";"Нет";;"Нет"
213;213;142;"Справка о прохождении медицинского освидетельствования в психоневрологическом диспансере (CDA) Редакция 3";3;"Обязательны с указанием СНИЛС";"25 лет";"Выдается МО";"Да";"Да";"Да";2;"28.12.2023";;"https://portal.egisz.rosminzdrav.ru/materials/4489";"1.2.643.5.1.13.13.15.59.3";"Нет";"Нет";;"Нет"
223;223;72;"Экстренное извещение о случае острого отравления химической этиологии (CDA) Редакция 2";3;"Не обязательны";"25 лет";"Хранится в МО";"Да";"Да";"Да";2;"01.12.2023";;"https://portal.egisz.rosminzdrav.ru/materials/4493";"1.2.643.5.1.13.13.15.71.2";"Нет";"Нет";;"Нет"
211;211;250;"Протокол на случай выявления у больного запущенной формы злокачественного новообразования (CDA) Редакция 1";3;"Обязательны с указанием СНИЛС";"25 лет";"Хранится в МО";"Да";"Да";"Да";2;"14.12.2023";;"https://portal.egisz.rosminzdrav.ru/materials/4505";"1.2.643.5.1.13.13.15.95.1";"Нет";"Нет";;"Нет"
112;112;37;"Льготный рецепт на лекарственный препарат, изделие медицинского назначения и специализированный продукт лечебного питания (CDA) Редакция 3";3;"Обязательны с указанием СНИЛС";"25 лет";"Выдается МО";"Да";"Да";"Да";2;"27.12.2021";;"https://portal.egisz.rosminzdrav.ru/materials/4025";"1.2.643.5.1.13.13.15.1.3";"Да";"Нет";;"Да"
141;141;37;"Льготный рецепт на лекарственный препарат, изделие медицинского назначения и специализированный продукт лечебного питания (CDA) Редакция 4";3;"Не обязательны";"25 лет";"Хранится в МО";"Да";"Да";"Да";2;"28.08.2023";;"https://portal.egisz.rosminzdrav.ru/materials/4319";"1.2.643.5.1.13.13.15.1.4";"Да";"Нет";;"Нет"
152;152;71;"Медицинское заключение об отсутствии противопоказаний к занятию определенными видами спорта (CDA) Редакция 3";3;"Обязательны с указанием СНИЛС";"25 лет";"Выдается МО";"Да";"Да";"Да";2;"14.08.2023";;"https://portal.egisz.rosminzdrav.ru/materials/4333";"1.2.643.5.1.13.13.15.54.3";"Да";"Нет";;"Нет"
215;215;66;"Справка донору об освобождении от работы в день кроводачи и предоставлении ему дополнительного дня отдыха (CDA) Редакция 2";3;"Обязательны с указанием СНИЛС";"25 лет";"Выдается МО";"Да";"Да";"Да";2;"28.12.2023";;"https://portal.egisz.rosminzdrav.ru/materials/4519";"1.2.643.5.1.13.13.15.49.2";"Нет";"Нет";;"Нет"
218;218;498;"Заключение межведомственного экспертного совета об установлении причинной связи развившихся заболеваний ребенка с последствиями радиоактивного облучения одного из родителей вследствие ЧАЭС (CDA) Редакция 1";3;"Обязательны с указанием СНИЛС";"25 лет";"Выдается МО";"Да";"Да";"Да";2;"27.12.2023";;"https://portal.egisz.rosminzdrav.ru/materials/4515";"1.2.643.5.1.13.13.15.109.1";"Нет";"Нет";;"Нет"
219;219;500;"Заключение межведомственного экспертного совета об установлении причинной связи смерти кормильца с последствиями чернобыльской катастрофы (вследствие лучевой болезни и других заболеваний) (CDA) Редакция 1";3;"Обязательны с указанием СНИЛС";"25 лет";"Выдается МО";"Да";"Да";"Да";2;"27.12.2023";;"https://portal.egisz.rosminzdrav.ru/materials/4517";"1.2.643.5.1.13.13.15.110.1";"Нет";"Нет";;"Нет"
222;222;93;"Направление на прижизненное патолого-анатомическое исследование биопсийного (операционного) материала (CDA) Редакция 1";3;"Обязательны с указанием СНИЛС";"25 лет";"Хранится в МО";"Да";"Да";"Да";2;"09.01.2024";;"https://portal.egisz.rosminzdrav.ru/materials/4523";"1.2.643.5.1.13.13.15.101.1";"Нет";"Нет";;"Нет"
217;217;345;"Предоперационный эпикриз (CDA) Редакция 2";3;"Не обязательны";"25 лет";"Хранится в МО";"Да";"Да";"Да";2;"25.01.2024";;"https://portal.egisz.rosminzdrav.ru/materials/4527";"1.2.643.5.1.13.13.15.29.2";"Нет";"Нет";;"Нет"
221;221;389;"Лист назначений и их выполнение (CDA) Редакция 1";3;"Обязательны с указанием СНИЛС";"25 лет";"Выдается МО";"Да";"Да";"Да";2;"25.01.2024";;"https://portal.egisz.rosminzdrav.ru/materials/4529";"1.2.643.5.1.13.13.15.96.1";"Нет";"Нет";;"Нет"
226;226;75;"Извещение на ребенка с врожденными пороками развития (CDA) Редакция 1";3;"Не обязательны";"25 лет";"Хранится в МО";"Да";"Да";"Да";2;"01.02.2024";;"https://portal.egisz.rosminzdrav.ru/materials/4543";"1.2.643.5.1.13.13.15.94.1";"Нет";"Нет";;"Нет"
225;225;386;"Эпикриз родов (CDA) Редакция 1";3;"Обязательны";"25 лет";"Хранится в МО";"Да";"Да";"Да";2;"07.03.2024";;"https://portal.egisz.rosminzdrav.ru/materials/4555";"1.2.643.5.1.13.13.15.83.1";"Нет";"Нет";;"Нет"
231;231;370;"Справка о наличии медицинских показаний, в соответствии с которыми ребенок не посещает дошкольную организацию или организацию, осуществляющую образовательную деятельность по основным общеобразовательным программам, в период учебного процесса (CDA) Редакция 2";3;"Обязательны с указанием СНИЛС";"25 лет";"Хранится в МО";"Да";"Да";"Да";2;"29.02.2024";;"https://portal.egisz.rosminzdrav.ru/materials/4553";"1.2.643.5.1.13.13.15.66.2";"Нет";"Нет";;"Нет"
207;207;376;"Направление на проведение неонатального скрининга (CDA) Редакция 1";3;"Не обязательны";"25 лет";"Выдается МО";"Да";"Да";"Да";2;"28.09.2023";;"https://portal.egisz.rosminzdrav.ru/materials/4461";"1.2.643.5.1.13.13.15.107.1";"Нет";"Нет";;"Нет"
229;229;80;"Талон на оказание высокотехнологичной медицинской помощи (CDA) Редакция 2";3;"Обязательны с указанием СНИЛС";"25 лет";"Хранится в МО";"Да";"Да";"Да";2;"18.03.2024";;"https://portal.egisz.rosminzdrav.ru/materials/4567";"1.2.643.5.1.13.13.15.73.2";"Нет";"Нет";;"Нет"
177;177;3;"Направление на госпитализацию, восстановительное лечение, обследование, консультацию (CDA) Редакция 3";3;"Обязательны с указанием СНИЛС";"25 лет";"Хранится в МО";"Да";"Да";"Да";2;"14.08.2023";;"https://portal.egisz.rosminzdrav.ru/materials/4345";"1.2.643.5.1.13.13.15.31.3";"Да";"Нет";;"Нет"
206;206;3;"Направление на госпитализацию, обследование, консультацию (CDA) Редакция 4";3;"Обязательны с указанием СНИЛС";"25 лет";"Хранится в МО";"Да";"Да";"Да";2;"01.12.2023";;"https://portal.egisz.rosminzdrav.ru/materials/4495";"1.2.643.5.1.13.13.15.31.4";"Да";"Нет";;"Нет"
186;186;7;"Протокол лабораторного исследования (CDA) Редакция 5";3;"Обязательны с указанием СНИЛС";"25 лет";"Выдается МО";"Да";"Да";"Да";2;"28.08.2023";;"https://portal.egisz.rosminzdrav.ru/materials/4431";"1.2.643.5.1.13.13.15.18.5";"Да";"Нет";;"Нет"
137;137;48;"Санаторно-курортная карта (CDA) Редакция 1";3;"Не обязательны";"25 лет";"Хранится в МО";"Да";"Да";"Да";2;"30.06.2023";"30.06.2023";"https://portal.egisz.rosminzdrav.ru/materials/4117";"1.2.643.5.1.13.13.15.9.1";"Нет";"Нет";;"Нет"
161;161;50;"Санаторно-курортная карта для детей (CDA) Редакция 1";3;"Обязательны с указанием СНИЛС";"25 лет";"Хранится в МО";"Да";"Да";"Да";2;"30.06.2023";"30.06.2023";"https://portal.egisz.rosminzdrav.ru/materials/4111";"1.2.643.5.1.13.13.15.10.1";"Нет";"Нет";;"Нет"
224;224;6;"Протокол инструментального исследования (CDA) Редакция 5";3;"Обязательны с указанием СНИЛС";"25 лет";"Хранится в МО";"Да";"Да";"Да";2;"25.01.2024";;"https://portal.egisz.rosminzdrav.ru/materials/4491";"1.2.643.5.1.13.13.15.17.5";"Да";"Нет";;"Нет"
162;162;357;"Обратный талон санаторно-курортной карты (CDA) Редакция 1";3;"Обязательны с указанием СНИЛС";"25 лет";"Хранится в МО";"Да";"Да";"Да";2;"30.06.2023";"30.06.2023";"https://portal.egisz.rosminzdrav.ru/materials/4127";"1.2.643.5.1.13.13.15.11.1";"Нет";"Нет";;"Нет"
165;165;361;"Обратный талон санаторно-курортной карты для детей (CDA) Редакция 1";3;"Обязательны с указанием СНИЛС";"25 лет";"Хранится в МО";"Да";"Да";"Да";2;"30.06.2023";"30.06.2023";"https://portal.egisz.rosminzdrav.ru/materials/4127";"1.2.643.5.1.13.13.15.12.1";"Нет";"Нет";;"Нет"
227;227;5;"Протокол консультации (CDA) Редакция 5";3;"Обязательны с указанием СНИЛС";"25 лет";"Хранится в МО";"Да";"Да";"Да";2;"07.03.2024";;"https://portal.egisz.rosminzdrav.ru/materials/4557";"1.2.643.5.1.13.13.15.13.5";"Да";"Нет";;"Нет"
241;241;365;"Направление тела умершего в патолого-анатомическое отделение (CDA) Редакция 1";3;"Не обязательны";"25 лет";"Хранится в МО";"Да";"Да";"Да";2;"21.03.2024";;"https://portal.egisz.rosminzdrav.ru/materials/4569";"1.2.643.5.1.13.13.15.106.1";"Нет";"Нет";;"Нет"
240;240;367;"Заключение лечебного учреждения о нуждаемости престарелого гражданина в постоянном постороннем уходе (CDA) Редакция 2";3;"Обязательны с указанием СНИЛС";"25 лет";"Хранится в МО";"Да";"Да";"Да";2;"29.03.2024";;"https://portal.egisz.rosminzdrav.ru/materials/4571";"1.2.643.5.1.13.13.15.63.2";"Нет";"Нет";;"Нет"
237;237;378;"Протокол осмотра мультидисциплинарной реабилитационной команды (CDA) Редакция 1";3;"Обязательны с указанием СНИЛС";"25 лет";"Хранится в МО";"Да";"Да";"Да";2;"29.03.2024";;"https://portal.egisz.rosminzdrav.ru/materials/4575";"1.2.643.5.1.13.13.15.92.1";"Нет";"Нет";;"Нет"
238;238;379;"Этапный реабилитационный эпикриз (CDA) Редакция 1";3;"Обязательны с указанием СНИЛС";"25 лет";"Хранится в МО";"Да";"Да";"Да";2;"29.03.2024";;"https://portal.egisz.rosminzdrav.ru/materials/4577";"1.2.643.5.1.13.13.15.91.1";"Нет";"Нет";;"Нет"
239;239;380;"Заключительный реабилитационный эпикриз (CDA) Редакция 1";3;"Обязательны с указанием СНИЛС";"25 лет";"Хранится в МО";"Да";"Да";"Да";2;"29.03.2024";;"https://portal.egisz.rosminzdrav.ru/materials/4579";"1.2.643.5.1.13.13.15.90.1";"Нет";"Нет";;"Нет"
234;234;384;"Переводной эпикриз (CDA) Редакция 1";3;"Обязательны с указанием СНИЛС";"25 лет";"Хранится в МО";"Да";"Да";"Да";2;"29.03.2024";;"https://portal.egisz.rosminzdrav.ru/materials/4583";"1.2.643.5.1.13.13.15.87.1";"Нет";"Нет";;"Нет"
235;235;1;"Эпикриз в стационаре выписной (CDA) Редакция 6";3;"Обязательны с указанием СНИЛС";"25 лет";"Хранится в МО";"Да";"Да";"Да";2;"29.03.2024";;"https://portal.egisz.rosminzdrav.ru/materials/4585";"1.2.643.5.1.13.13.15.25.6";"Да";"Нет";;"Нет"
236;236;385;"Посмертный эпикриз (CDA) Редакция 1";3;"Обязательны с указанием СНИЛС";"25 лет";"Хранится в МО";"Да";"Да";"Да";2;"29.03.2024";;"https://portal.egisz.rosminzdrav.ru/materials/4573";"1.2.643.5.1.13.13.15.93.1";"Нет";"Нет";;"Нет"
242;242;254;"Протокол патолого-анатомического вскрытия (CDA) Редакция 2";3;"Не обязательны";"25 лет";"Хранится в МО";"Да";"Да";"Да";2;"04.04.2024";;"https://portal.egisz.rosminzdrav.ru/materials/4587";"1.2.643.5.1.13.13.15.22.2";"Нет";"Нет";;"Нет"
243;243;458;"Протокол патолого-анатомического вскрытия плода, мертворожденного или новорожденного (CDA) Редакция 1";3;"Не обязательны";"25 лет";"Хранится в МО";"Да";"Да";"Да";2;"04.04.2024";;"https://portal.egisz.rosminzdrav.ru/materials/4589";"1.2.643.5.1.13.13.15.108.1";"Нет";"Нет";;"Нет"
98;98;346;"Направление на госпитализацию для оказания специализированной медицинской помощи (CDA) Редакция 1";3;"Обязательны с указанием СНИЛС";"25 лет";"Хранится в МО";"Да";"Да";"Да";2;"28.09.2021";"01.08.2024";"https://portal.egisz.rosminzdrav.ru/materials/3973";"1.2.643.5.1.13.13.15.34.1";"Нет";"Нет";;"Нет"
17;17;7;"Протокол лабораторного исследования (CDA) Редакция 2";3;"Обязательны с указанием СНИЛС";"25 лет";"Хранится в МО";"Да";"Да";"Да";2;"16.02.2019";"01.08.2024";"https://portal.egisz.rosminzdrav.ru/materials/2939";"1.2.643.5.1.13.13.15.18.2";"Да";"Нет";;"Нет"
15;15;6;"Протокол инструментального исследования (CDA) Редакция 1";3;"Обязательны с указанием СНИЛС";"25 лет";"Хранится в МО";"Да";"Да";"Да";2;"16.02.2019";"01.08.2024";"https://portal.egisz.rosminzdrav.ru/materials/3291";"1.2.643.5.1.13.13.15.17.1";"Да";"Нет";;"Нет"
16;16;5;"Протокол консультации (CDA) Редакция 2";3;"Обязательны с указанием СНИЛС";"25 лет";"Хранится в МО";"Да";"Да";"Да";2;"16.02.2019";"01.08.2024";"https://portal.egisz.rosminzdrav.ru/materials/2937";"1.2.643.5.1.13.13.15.13.2";"Да";"Нет";;"Нет"
41;41;1;"Эпикриз в стационаре выписной (CDA) Редакция 3";3;"Обязательны с указанием СНИЛС";"25 лет";"Хранится в МО";"Да";"Да";"Да";2;"14.09.2020";"01.08.2024";"https://portal.egisz.rosminzdrav.ru/materials/2943";"1.2.643.5.1.13.13.15.25.3";"Да";"Нет";;"Нет"
68;68;5;"Протокол консультации (CDA) Редакция 3";3;"Обязательны с указанием СНИЛС";"25 лет";"Хранится в МО";"Да";"Да";"Да";2;"16.04.2021";"01.08.2024";"https://portal.egisz.rosminzdrav.ru/materials/3845";"1.2.643.5.1.13.13.15.13.3";"Да";"Нет";;"Нет"
90;90;6;"Протокол инструментального исследования (CDA) Редакция 2";3;"Обязательны с указанием СНИЛС";"25 лет";"Хранится в МО";"Да";"Да";"Да";2;"30.06.2021";"01.08.2024";"https://portal.egisz.rosminzdrav.ru/materials/3923";"1.2.643.5.1.13.13.15.17.2";"Да";"Нет";;"Нет"
95;95;91;"Медицинская справка в бассейн (CDA) Редакция 1";3;"Обязательны с указанием СНИЛС";"25 лет";"Выдается МО";"Да";"Да";"Да";2;"16.04.2021";"01.08.2024";"https://portal.egisz.rosminzdrav.ru/materials/3839";"1.2.643.5.1.13.13.15.53.1";"Нет";"Нет";;"Нет"
61;61;37;"Льготный рецепт на лекарственный препарат, изделие медицинского назначения и специализированный продукт лечебного питания (CDA) Редакция 2";3;"Обязательны с указанием СНИЛС";"25 лет";"Выдается МО";"Да";"Да";"Да";2;"15.03.2021";"01.08.2024";"https://portal.egisz.rosminzdrav.ru/materials/3821";"1.2.643.5.1.13.13.15.1.2";"Да";"Нет";;"Да"
72;72;88;"Справка об отсутствии контактов с инфекционными больными (CDA) Редакция 1";3;"Обязательны с указанием СНИЛС";"25 лет";"Выдается МО";"Да";"Да";"Да";2;"16.04.2021";"01.08.2024";"https://portal.egisz.rosminzdrav.ru/materials/3841";"1.2.643.5.1.13.13.15.56.1";"Да";"Нет";;"Нет"
91;91;74;"Карта вызова скорой медицинской помощи (CDA) Редакция 1";3;"Обязательны с указанием СНИЛС";"25 лет";"Хранится в МО";"Да";"Да";"Да";2;"30.06.2021";"01.08.2024";"https://portal.egisz.rosminzdrav.ru/materials/3925";"1.2.643.5.1.13.13.15.72.1";"Нет";"Нет";;"Нет"
94;94;85;"Протокол консультации в рамках диспансерного наблюдения (CDA) Редакция 3";3;"Обязательны с указанием СНИЛС";"25 лет";"Хранится в МО";"Да";"Да";"Да";2;"16.04.2021";"01.08.2024";"https://portal.egisz.rosminzdrav.ru/materials/3845";"1.2.643.5.1.13.13.15.14.3";"Нет";"Нет";;"Нет"
97;97;241;"Направление на госпитализацию для оказания высокотехнологичной медицинской помощи (CDA) Редакция 1";3;"Обязательны с указанием СНИЛС";"25 лет";"Хранится в МО";"Да";"Да";"Да";2;"28.09.2021";"01.08.2024";"https://portal.egisz.rosminzdrav.ru/materials/3973";"1.2.643.5.1.13.13.15.33.1";"Нет";"Нет";;"Нет"
244;244;503;"Сопроводительный лист станции (отделения) скорой медицинской помощи (CDA) Редакция 1";3;"Не обязательны";"25 лет";"Хранится в МО";"Да";"Да";"Да";2;"30.04.2024";;"https://portal.egisz.rosminzdrav.ru/materials/4619";"1.2.643.5.1.13.13.15.112.1";"Нет";"Нет";;"Нет"
245;245;504;"Талон к сопроводительному листу станции (отделения) скорой медицинской помощи (CDA) Редакция 1";3;"Не обязательны";"25 лет";"Хранится в МО";"Да";"Да";"Да";2;"02.05.2024";;"https://portal.egisz.rosminzdrav.ru/materials/4621";"1.2.643.5.1.13.13.15.113.1";"Нет";"Нет";;"Нет"
40;40;36;"Протокол телемедицинской консультации (CDA) Редакция 1";3;"Не обязательны";"25 лет";"Хранится в МО";"Да";"Да";"Да";2;"30.11.2019";;"https://portal.egisz.rosminzdrav.ru/materials/3479";"1.2.643.5.1.13.13.15.15.1";"Нет";"Нет";;"Нет"
174;174;6;"Протокол инструментального исследования (CDA) Редакция 4";3;"Обязательны с указанием СНИЛС";"25 лет";"Хранится в МО";"Да";"Да";"Да";2;"28.08.2023";;"https://portal.egisz.rosminzdrav.ru/materials/4429";"1.2.643.5.1.13.13.15.17.4";"Да";"Нет";;"Нет"
108;108;352;"Уведомление о причинах возврата направления на медико-социальную экспертизу (CDA) Редакция 1";3;"Обязательны с указанием СНИЛС";"25 лет";"Выдается МО";"Да";"Да";"Да";2;"01.01.2022";;"https://portal.egisz.rosminzdrav.ru/materials/4017";"1.2.643.5.1.13.13.15.7.1";"Нет";"Нет";;"Нет"
247;247;56;"Медицинская справка (для выезжающего за границу) (CDA) Редакция 3";3;"Обязательны с указанием СНИЛС";"25 лет";"Выдается МО";"Да";"Да";"Да";2;"10.06.2024";;"https://portal.egisz.rosminzdrav.ru/materials/4635";"1.2.643.5.1.13.13.15.48.3";"Нет";"Нет";;"Нет"
252;252;90;"Справка о состоянии на учете в диспансере (CDA) Редакция 3";3;"Обязательны с указанием СНИЛС";"25 лет";"Выдается МО";"Да";"Да";"Да";2;"24.06.2024";;"https://portal.egisz.rosminzdrav.ru/materials/4701";"1.2.643.5.1.13.13.15.57.3";"Нет";"Нет";;"Нет"
250;250;68;"Заключение о результатах медицинского освидетельствования граждан, намеревающихся усыновить (удочерить), взять под опеку (попечительство), в приемную или патронатную семью детей-сирот и детей, оставшихся без попечения родителей (CDA) Редакция 2";3;"Обязательны";"25 лет";"Выдается МО";"Да";"Да";"Да";2;"24.06.2024";;"https://portal.egisz.rosminzdrav.ru/materials/4709";"1.2.643.5.1.13.13.15.51.2";"Нет";"Нет";;"Нет"
249;249;67;"Справка об отсутствии медицинских противопоказаний для работы с использованием сведений, составляющих государственную тайну (CDA) Редакция 2";3;"Обязательны";"25 лет";"Выдается МО";"Да";"Да";"Да";2;"24.06.2024";;"https://portal.egisz.rosminzdrav.ru/materials/4707";"1.2.643.5.1.13.13.15.50.2";"Нет";"Нет";;"Нет"
246;246;11;"Протокол трансфузии (CDA) Редакция 5";3;"Обязательны с указанием СНИЛС";"25 лет";"Хранится в МО";"Да";"Да";"Да";2;"28.06.2024";;"https://portal.egisz.rosminzdrav.ru/materials/4711";"1.2.643.5.1.13.13.15.24.5";"Нет";"Нет";;"Нет"
257;257;509;"Выписка из протокола решения врачебной комиссии для направления на медико-социальную экспертизу (CDA) Редакция 1";3;"Обязательны с указанием СНИЛС";"25 лет";"Хранится в МО";"Да";"Да";"Да";2;"12.08.2024";;"https://portal.egisz.rosminzdrav.ru/materials/4727";"1.2.643.5.1.13.13.15.118.1";"Нет";"Нет";;"Нет"
256;256;508;"Заключение по результатам микробиологического исследования (CDA) Редакция 1";3;"Обязательны с указанием СНИЛС";"25 лет";"Выдается МО";"Да";"Да";"Да";2;"29.07.2024";;"https://portal.egisz.rosminzdrav.ru/materials/4723";"1.2.643.5.1.13.13.15.120.1";"Нет";"Нет";;"Нет"
144;144;369;"Заключение врачебной комиссии медицинской организации, оказывающей лечебно-профилактическую помощь, о нуждаемости ветерана в обеспечении протезами (кроме зубных протезов), протезно-ортопедическими изделиями (CDA) Редакция 1";3;"Обязательны с указанием СНИЛС";"25 лет";"Хранится в МО";"Да";"Да";"Да";2;"30.10.2022";;"https://portal.egisz.rosminzdrav.ru/materials/4277";"1.2.643.5.1.13.13.15.65.1";"Нет";"Нет";;"Нет"
276;276;531;"Справка о наличии показаний к протезированию (CDA) Редакция 1";3;"Обязательны с указанием СНИЛС";"25 лет";"Хранится в МО";"Да";"Да";"Да";2;"21.11.2024";;"https://portal.egisz.rosminzdrav.ru/materials/4741";"1.2.643.5.1.13.13.15.128.1";"Нет";"Нет";;"Нет"
188;188;54;"Заключение медицинского учреждения о наличии (отсутствии) заболевания, препятствующего поступлению на государственную гражданскую службу Российской Федерации и муниципальную службу или ее прохождению (CDA) Редакция 1";3;"Обязательны с указанием СНИЛС";"25 лет";"Выдается МО";"Да";"Да";"Да";2;"14.08.2023";;"https://portal.egisz.rosminzdrav.ru/materials/4361";"1.2.643.5.1.13.13.15.81.1";"Нет";"Нет";;"Нет"
266;266;179;"Медицинское заключение о допуске к участию в физкультурных и спортивных мероприятиях (учебно-тренировочных мероприятиях и спортивных соревнованиях), мероприятиях по оценке выполнения нормативов испытаний (тестов) Всероссийского физкультурно-спортивного комплекса ""Готов к труду и обороне"" (ГТО) (CDA) Редакция 1";3;"Обязательны с указанием СНИЛС";"25 лет";"Выдается МО";"Да";"Да";"Да";2;"20.09.2024";;"https://portal.egisz.rosminzdrav.ru/materials/4743";"1.2.643.5.1.13.13.15.124.1";"Нет";"Нет";;"Нет"
254;254;506;"Протокол кесарева сечения (CDA) Редакция 1";3;"Обязательны с указанием СНИЛС";"25 лет";"Хранится в МО";"Да";"Да";"Да";2;"27.09.2024";;"https://portal.egisz.rosminzdrav.ru/materials/4745";"1.2.643.5.1.13.13.15.114.1";"Нет";"Нет";;"Нет"
262;262;510;"Протокол по результатам дистанционного наблюдения за состоянием здоровья пациента (CDA) Редакция 1";3;"Обязательны с указанием СНИЛС";"25 лет";"Выдается МО";"Да";"Да";"Да";2;"11.11.2024";;"https://portal.egisz.rosminzdrav.ru/materials/4769";"1.2.643.5.1.13.13.15.123.1";"Нет";"Нет";;"Нет"
269;269;512;"Протокол копрологического исследования (CDA) Редакция 1";3;"Обязательны с указанием СНИЛС";"25 лет";"Хранится в МО";"Да";"Да";"Да";2;"11.11.2024";;"https://portal.egisz.rosminzdrav.ru/materials/4767";"1.2.643.5.1.13.13.15.125.1";"Нет";"Нет";;"Нет"
275;275;507;"Протокол эндоскопического исследования толстой кишки (CDA) Редакция 1";3;"Обязательны с указанием СНИЛС";"25 лет";"Хранится в МО";"Да";"Да";"Да";2;"27.11.2024";;"https://portal.egisz.rosminzdrav.ru/materials/4771";"1.2.643.5.1.13.13.15.115.1";"Нет";"Нет";;"Нет"
270;270;518;"Протокол трансторакальной эхокардиографии (CDA) Редакция 1";3;"Обязательны с указанием СНИЛС";"25 лет";"Хранится в МО";"Да";"Да";"Да";2;"29.11.2024";;"https://portal.egisz.rosminzdrav.ru/materials/4773";"1.2.643.5.1.13.13.15.126.1";"Нет";"Нет";;"Нет"
100;100;52;"Справка об оплате медицинских услуг для предоставления в налоговые органы Российской Федерации (CDA) Редакция 1";3;"Обязательны с указанием СНИЛС";"25 лет";"Выдается МО";"Да";"Да";"Да";2;"04.11.2021";"01.07.2025";"https://portal.egisz.rosminzdrav.ru/materials/3991";"1.2.643.5.1.13.13.15.69.1";"Нет";"Нет";;"Нет"
101;101;73;"Медицинское заключение о допуске к выполнению работ на высоте, верхолазных работ, работ, связанных с подъемом на высоту, а также по обслуживанию подъемных сооружений (CDA) Редакция 1";3;"Обязательны с указанием СНИЛС";"25 лет";"Выдается МО";"Да";"Да";"Да";2;"04.11.2021";"01.07.2025";"https://portal.egisz.rosminzdrav.ru/materials/3989";"1.2.643.5.1.13.13.15.55.1";"Нет";"Нет";;"Нет"
103;103;51;"Медицинское заключение по результатам предварительного (периодического) медицинского осмотра (обследования) (CDA) Редакция 1";3;"Обязательны с указанием СНИЛС";"25 лет";"Выдается МО";"Да";"Да";"Да";2;"04.11.2021";;"https://portal.egisz.rosminzdrav.ru/materials/3985";"1.2.643.5.1.13.13.15.47.1";"Да";"Нет";;"Нет"
105;105;53;"Сертификат профилактических прививок (CDA) Редакция 1";3;"Обязательны с указанием СНИЛС";"25 лет";"Выдается МО";"Да";"Да";"Да";2;"04.11.2021";"01.07.2025";"https://portal.egisz.rosminzdrav.ru/materials/3981";"1.2.643.5.1.13.13.15.46.1";"Нет";"Нет";;"Нет"
106;106;343;"Справка о постановке на учет по беременности (CDA) Редакция 1";3;"Обязательны с указанием СНИЛС";"25 лет";"Выдается МО";"Да";"Да";"Да";2;"04.11.2021";"01.07.2025";"https://portal.egisz.rosminzdrav.ru/materials/3979";"1.2.643.5.1.13.13.15.60.1";"Нет";"Нет";;"Нет"
107;107;66;"Справка донору об освобождении от работы в день кровосдачи и предоставлении ему дополнительного дня отдыха (CDA) Редакция 1";3;"Обязательны с указанием СНИЛС";"25 лет";"Выдается МО";"Да";"Да";"Да";2;"04.11.2021";"01.07.2025";"https://portal.egisz.rosminzdrav.ru/materials/3977";"1.2.643.5.1.13.13.15.49.1";"Нет";"Нет";;"Нет"
132;132;80;"Талон на оказание высокотехнологичной медицинской помощи (CDA) Редакция 1";3;"Обязательны с указанием СНИЛС";"25 лет";"Хранится в МО";"Да";"Да";"Да";2;"20.04.2023";"01.07.2025";"https://portal.egisz.rosminzdrav.ru/materials/4125";"1.2.643.5.1.13.13.15.73.1";"Нет";"Нет";;"Нет"
151;151;47;"Справка для получения путевки на санаторно-курортное лечение (CDA) Редакция 2";3;"Обязательны с указанием СНИЛС";"25 лет";"Выдается МО";"Да";"Да";"Да";2;"20.04.2023";;"https://portal.egisz.rosminzdrav.ru/materials/4315";"1.2.643.5.1.13.13.15.8.2";"Да";"Нет";;"Нет"
42;42;2;"Эпикриз по законченному случаю амбулаторный (CDA) Редакция 3";3;"Обязательны с указанием СНИЛС";"25 лет";"Хранится в МО";"Да";"Да";"Да";2;"14.09.2020";"01.08.2024";"https://portal.egisz.rosminzdrav.ru/materials/2945";"1.2.643.5.1.13.13.15.26.3";"Да";"Нет";;"Нет"
45;45;11;"Протокол гемотрансфузии (CDA) Редакция 2";3;"Обязательны с указанием СНИЛС";"25 лет";"Хранится в МО";"Да";"Да";"Да";2;"14.09.2020";"01.07.2025";"https://portal.egisz.rosminzdrav.ru/materials/2935";"1.2.643.5.1.13.13.15.24.2";"Нет";"Нет";;"Нет"
46;46;12;"Протокол прижизненного патологоанатомического исследования (CDA) Редакция 1";3;"Обязательны с указанием СНИЛС";"25 лет";"Хранится в МО";"Да";"Да";"Да";2;"14.09.2020";"01.08.2024";"https://portal.egisz.rosminzdrav.ru/materials/2941";"1.2.643.5.1.13.13.15.21.1";"Да";"Нет";;"Нет"
50;50;39;"Медицинская справка (врачебное профессионально-консультативное заключение) (CDA) Редакция 1";3;"Обязательны с указанием СНИЛС";"25 лет";"Выдается МО";"Да";"Да";"Да";2;"10.12.2020";"01.08.2024";"https://portal.egisz.rosminzdrav.ru/materials/3757";"1.2.643.5.1.13.13.15.45.1";"Да";"Нет";;"Нет"
63;63;45;"Медицинское заключение об отсутствии медицинских противопоказаний к владению оружием (CDA) Редакция 1";3;"Обязательны с указанием СНИЛС";"25 лет";"Выдается МО";"Да";"Да";"Да";2;"12.04.2021";;"https://portal.egisz.rosminzdrav.ru/materials/3827";"1.2.643.5.1.13.13.15.41.1";"Да";"Нет";;"Нет"
64;64;46;"Медицинское заключение об отсутствии в организме человека наркотических средств, психотропных веществ и их метаболитов (CDA) Редакция 1";3;"Обязательны с указанием СНИЛС";"25 лет";"Выдается МО";"Да";"Да";"Да";2;"12.04.2021";;"https://portal.egisz.rosminzdrav.ru/materials/3829";"1.2.643.5.1.13.13.15.42.1";"Да";"Нет";;"Нет"
70;70;89;"Справка о результатах химико-токсикологических исследований (CDA) Редакция 1";3;"Обязательны с указанием СНИЛС";"25 лет";"Выдается МО";"Да";"Да";"Да";2;"16.04.2021";"01.07.2025";"https://portal.egisz.rosminzdrav.ru/materials/3837";"1.2.643.5.1.13.13.15.19.1";"Нет";"Нет";;"Нет"
73;73;90;"Справка о состоянии на учете в диспансере (CDA) Редакция 1";3;"Обязательны с указанием СНИЛС";"25 лет";"Выдается МО";"Да";"Да";"Да";2;"16.04.2021";"01.07.2025";"https://portal.egisz.rosminzdrav.ru/materials/3843";"1.2.643.5.1.13.13.15.57.1";"Нет";"Нет";;"Нет"
74;74;12;"Протокол прижизненного патологоанатомического исследования (CDA) Редакция 2";3;"Обязательны с указанием СНИЛС";"25 лет";"Выдается МО";"Да";"Да";"Да";2;"16.04.2021";;"https://portal.egisz.rosminzdrav.ru/materials/3833";"1.2.643.5.1.13.13.15.21.2";"Да";"Нет";;"Нет"
79;79;142;"Справка о прохождении медицинского освидетельствования в психоневрологическом диспансере (CDA) Редакция 1";3;"Обязательны с указанием СНИЛС";"25 лет";"Выдается МО";"Да";"Да";"Да";2;"30.06.2021";"01.07.2025";"https://portal.egisz.rosminzdrav.ru/materials/3907";"1.2.643.5.1.13.13.15.59.1";"Нет";"Нет";;"Нет"
170;170;53;"Сертификат профилактических прививок (CDA) Редакция 2";3;"Обязательны с указанием СНИЛС";"25 лет";"Выдается МО";"Да";"Да";"Да";2;"28.08.2023";"01.07.2025";"https://portal.egisz.rosminzdrav.ru/materials/4095";"1.2.643.5.1.13.13.15.46.2";"Нет";"Нет";;"Нет"
133;133;351;"Этапный эпикриз (CDA) Редакция 1";3;"Обязательны с указанием СНИЛС";"25 лет";"Хранится в МО";"Да";"Да";"Да";2;"28.08.2023";"01.07.2025";"https://portal.egisz.rosminzdrav.ru/materials/4115";"1.2.643.5.1.13.13.15.30.1";"Нет";"Нет";;"Нет"
135;135;350;"Выписка из истории болезни (CDA) Редакция 1";3;"Не обязательны";"25 лет";"Хранится в МО";"Да";"Да";"Да";2;"14.08.2023";;"https://portal.egisz.rosminzdrav.ru/materials/4113";"1.2.643.5.1.13.13.15.61.1";"Да";"Нет";;"Нет"
136;136;72;"Экстренное извещение о случае острого отравления химической этиологии (CDA) Редакция 1";3;"Не обязательны";"25 лет";"Хранится в МО";"Да";"Да";"Да";2;"28.08.2023";"01.07.2025";"https://portal.egisz.rosminzdrav.ru/materials/4123";"1.2.643.5.1.13.13.15.71.1";"Нет";"Нет";;"Нет"
155;155;67;"Справка об отсутствии медицинских противопоказаний для работы с использованием сведений, составляющих государственную тайну (CDA) Редакция 1";3;"Не обязательны";"25 лет";"Выдается МО";"Да";"Да";"Да";2;"28.08.2023";"01.07.2025";"https://portal.egisz.rosminzdrav.ru/materials/4119";"1.2.643.5.1.13.13.15.50.1";"Нет";"Нет";;"Нет"
156;156;68;"Заключение о результатах медицинского освидетельствования граждан, намеревающихся усыновить (удочерить), взять под опеку (попечительство), в приемную или патронатную семью детей-сирот и детей, оставшихся без попечения родителей (CDA) Редакция 1";3;"Не обязательны";"25 лет";"Выдается МО";"Да";"Да";"Да";2;"28.08.2023";"01.07.2025";"https://portal.egisz.rosminzdrav.ru/materials/4121";"1.2.643.5.1.13.13.15.51.1";"Нет";"Нет";;"Нет"
166;166;39;"Медицинская справка (врачебное профессионально-консультативное заключение) (CDA) Редакция 2";3;"Обязательны с указанием СНИЛС";"25 лет";"Выдается МО";"Да";"Да";"Да";2;"28.08.2023";"01.08.2024";"https://portal.egisz.rosminzdrav.ru/materials/4101";"1.2.643.5.1.13.13.15.45.2";"Да";"Нет";;"Нет"
193;193;52;"Справка об оплате медицинских услуг для предоставления в налоговые органы Российской Федерации (CDA) Редакция 2";3;"Обязательны с указанием СНИЛС";"25 лет";"Выдается МО";"Да";"Да";"Да";2;"14.08.2023";"01.07.2025";"https://portal.egisz.rosminzdrav.ru/materials/4377";"1.2.643.5.1.13.13.15.69.2";"Нет";"Нет";;"Нет"
195;195;350;"Выписка из истории болезни (CDA) Редакция 2";3;"Не обязательны";"25 лет";"Хранится в МО";"Да";"Да";"Да";2;"26.10.2023";;"https://portal.egisz.rosminzdrav.ru/materials/4475";"1.2.643.5.1.13.13.15.61.2";"Да";"Нет";;"Нет"
196;196;39;"Медицинская справка (врачебное профессионально-консультативное заключение) (CDA) Редакция 3";3;"Обязательны с указанием СНИЛС";"25 лет";"Выдается МО";"Да";"Да";"Да";2;"27.10.2023";;"https://portal.egisz.rosminzdrav.ru/materials/4477";"1.2.643.5.1.13.13.15.45.3";"Да";"Нет";;"Нет"
153;153;56;"Медицинская справка (для выезжающего за границу) (CDA) Редакция 2";3;"Обязательны с указанием СНИЛС";"25 лет";"Выдается МО";"Да";"Да";"Да";2;"14.08.2023";"01.07.2025";"https://portal.egisz.rosminzdrav.ru/materials/4335";"1.2.643.5.1.13.13.15.48.2";"Нет";"Нет";;"Нет"
157;157;142;"Справка о прохождении медицинского освидетельствования в психоневрологическом диспансере (CDA) Редакция 2";3;"Обязательны с указанием СНИЛС";"25 лет";"Выдается МО";"Да";"Да";"Да";2;"28.08.2023";"01.07.2025";"https://portal.egisz.rosminzdrav.ru/materials/4419";"1.2.643.5.1.13.13.15.59.2";"Нет";"Нет";;"Нет"
159;159;113;"Статистическая карта выбывшего из медицинской организации, оказывающей медицинскую помощь в стационарных условиях, в условиях дневного стационара (CDA) Редакция 1";3;"Обязательны с указанием СНИЛС";"25 лет";"Хранится в МО";"Да";"Да";"Да";2;"28.08.2023";"01.07.2025";"https://portal.egisz.rosminzdrav.ru/materials/4421";"1.2.643.5.1.13.13.15.76.1";"Нет";"Нет";;"Нет"
172;172;90;"Справка о состоянии на учете в диспансере (CDA) Редакция 2";3;"Обязательны с указанием СНИЛС";"25 лет";"Выдается МО";"Да";"Да";"Да";2;"14.08.2023";"01.07.2025";"https://portal.egisz.rosminzdrav.ru/materials/4341";"1.2.643.5.1.13.13.15.57.2";"Нет";"Нет";;"Нет"
181;181;254;"Протокол патолого-анатомического вскрытия (CDA) Редакция 1";3;"Не обязательны";"25 лет";"Хранится в МО";"Да";"Да";"Да";2;"14.08.2023";"01.07.2025";"https://portal.egisz.rosminzdrav.ru/materials/4353";"1.2.643.5.1.13.13.15.22.1";"Нет";"Нет";;"Нет"
194;194;51;"Медицинское заключение по результатам предварительного (периодического) медицинского осмотра (обследования) (CDA) Редакция 2";3;"Не обязательны";"25 лет";"Выдается МО";"Да";"Да";"Да";2;"31.07.2023";"30.06.2024";"https://portal.egisz.rosminzdrav.ru/materials/4413";"1.2.643.5.1.13.13.15.47.2";"Да";"Нет";;"Нет"
214;214;12;"Протокол прижизненного патолого-анатомического исследования биопсийного (операционного) материала (CDA) Редакция 3";3;"Обязательны с указанием СНИЛС";"25 лет";"Выдается МО";"Да";"Да";"Да";2;"16.02.2024";;"https://portal.egisz.rosminzdrav.ru/materials/4551";"1.2.643.5.1.13.13.15.21.3";"Да";"Нет";;"Нет"
230;230;502;"Медицинское заключение по результатам медицинского осмотра работника для предоставления в подсистему ЭЛМК (CDA) Редакция 1";3;"Обязательны";"25 лет";"Выдается МО";"Да";"Да";"Да";2;"14.03.2024";;"https://portal.egisz.rosminzdrav.ru/materials/4565";"1.2.643.5.1.13.13.15.111.1";"Да";"Нет";;"Нет"
233;233;2;"Эпикриз по законченному случаю амбулаторный (CDA) Редакция 5";3;"Обязательны с указанием СНИЛС";"25 лет";"Хранится в МО";"Да";"Да";"Да";2;"29.03.2024";;"https://portal.egisz.rosminzdrav.ru/materials/4581";"1.2.643.5.1.13.13.15.26.5";"Да";"Нет";;"Нет"
251;251;88;"Справка об отсутствии контактов с инфекционными больными (CDA) Редакция 5";3;"Обязательны с указанием СНИЛС";"25 лет";"Выдается МО";"Да";"Да";"Да";2;"24.06.2024";;"https://portal.egisz.rosminzdrav.ru/materials/4705";"1.2.643.5.1.13.13.15.56.5";"Да";"Нет";;"Нет"
255;255;3;"Направление на госпитализацию, восстановительное лечение, обследование, консультацию (CDA) Редакция 5";3;"Обязательны с указанием СНИЛС";"25 лет";"Хранится в МО";"Да";"Да";"Да";2;"23.07.2024";;"https://portal.egisz.rosminzdrav.ru/materials/4721";"1.2.643.5.1.13.13.15.31.5";"Да";"Нет";;"Нет"
282;282;511;"Направление на дистанционное наблюдение за состоянием здоровья пациента (CDA) Редакция 1";3;"Обязательны с указанием СНИЛС";"25 лет";"Хранится в МО";"Да";"Да";"Да";2;"24.12.2024";;"https://portal.egisz.rosminzdrav.ru/materials/4781";"1.2.643.5.1.13.13.15.134.1";"Нет";"Нет";;"Нет"
82;82;69;"Медицинское заключение о принадлежности несовершеннолетнего к медицинской группе для занятий физической культурой (CDA) Редакция 2";3;"Обязательны с указанием СНИЛС";"25 лет";"Выдается МО";"Да";"Да";"Да";2;"30.06.2021";"01.07.2025";"https://portal.egisz.rosminzdrav.ru/materials/3911";"1.2.643.5.1.13.13.15.52.2";"Нет";"Нет";;"Нет"
84;84;91;"Медицинская справка в бассейн (CDA) Редакция 2";3;"Обязательны с указанием СНИЛС";"25 лет";"Выдается МО";"Да";"Да";"Да";2;"30.06.2021";"01.07.2025";"https://portal.egisz.rosminzdrav.ru/materials/3911";"1.2.643.5.1.13.13.15.53.2";"Нет";"Нет";;"Нет"
88;88;56;"Медицинская справка (для выезжающего за границу) (CDA) Редакция 1";3;"Обязательны с указанием СНИЛС";"25 лет";"Выдается МО";"Да";"Да";"Да";2;"30.06.2021";"01.07.2025";"https://portal.egisz.rosminzdrav.ru/materials/3919";"1.2.643.5.1.13.13.15.48.1";"Нет";"Нет";;"Нет"
62;62;86;"Рецепт на лекарственный препарат (CDA) Редакция 1";3;"Обязательны с указанием СНИЛС";"25 лет";"Выдается МО";"Да";"Да";"Да";2;"15.03.2021";"01.07.2025";"https://portal.egisz.rosminzdrav.ru/materials/3823";"1.2.643.5.1.13.13.15.3.1";"Да";"Нет";;"Нет"
80;80;88;"Справка об отсутствии контактов с инфекционными больными (CDA) Редакция 2";3;"Обязательны с указанием СНИЛС";"25 лет";"Выдается МО";"Да";"Да";"Да";2;"30.06.2021";"01.07.2025";"https://portal.egisz.rosminzdrav.ru/materials/3909";"1.2.643.5.1.13.13.15.56.2";"Да";"Нет";;"Нет"
83;83;71;"Медицинское заключение об отсутствии противопоказаний к занятию определенными видами спорта (CDA) Редакция 2";3;"Обязательны с указанием СНИЛС";"25 лет";"Выдается МО";"Да";"Да";"Да";2;"30.06.2021";"01.07.2025";"https://portal.egisz.rosminzdrav.ru/materials/3911";"1.2.643.5.1.13.13.15.54.2";"Да";"Нет";;"Нет"
43;43;3;"Направление на госпитализацию, восстановительное лечение, обследование, консультацию (CDA) Редакция 2";3;"Обязательны с указанием СНИЛС";"25 лет";"Хранится в МО";"Да";"Да";"Да";2;"14.09.2020";"01.07.2025";"https://portal.egisz.rosminzdrav.ru/materials/2933";"1.2.643.5.1.13.13.15.31.2";"Да";"Нет";;"Нет"
146;146;106;"Талон № 2 на получение специальных талонов (именных направлений) на проезд к месту лечения для получения медицинской помощи (CDA) Редакция 3";3;"Обязательны с указанием СНИЛС";"25 лет";"Выдается МО";"Да";"Да";"Да";2;"20.04.2023";"01.02.2025";"https://portal.egisz.rosminzdrav.ru/materials/4313";"1.2.643.5.1.13.13.15.68.3";"Нет";"Нет";;"Нет"
65;65;47;"Справка для получения путевки на санаторно-курортное лечение (CDA) Редакция 1";3;"Обязательны с указанием СНИЛС";"25 лет";"Выдается МО";"Да";"Да";"Да";2;"12.04.2021";"01.02.2025";"https://portal.egisz.rosminzdrav.ru/materials/3831";"1.2.643.5.1.13.13.15.8.1";"Нет";"Нет";;"Нет"
78;78;106;"Талон № 2 на получение специальных талонов (именных направлений) на проезд к месту лечения для получения медицинской помощи (CDA) Редакция 1";3;"Обязательны с указанием СНИЛС";"25 лет";"Выдается МО";"Да";"Да";"Да";2;"30.06.2021";"01.02.2025";"https://portal.egisz.rosminzdrav.ru/materials/3905";"1.2.643.5.1.13.13.15.68.1";"Нет";"Нет";;"Нет"
86;86;81;"Направление к месту лечения для получения медицинской помощи (CDA) Редакция 1";3;"Обязательны с указанием СНИЛС";"25 лет";"Выдается МО";"Да";"Да";"Да";2;"30.06.2021";"01.02.2025";"https://portal.egisz.rosminzdrav.ru/materials/3915";"1.2.643.5.1.13.13.15.67.1";"Нет";"Нет";;"Нет"
278;278;48;"Санаторно-курортная карта (CDA) Редакция 3";3;"Обязательны с указанием СНИЛС";"25 лет";"Хранится в МО";"Да";"Да";"Да";2;"10.01.2025";;"https://portal.egisz.rosminzdrav.ru/materials/4783";"1.2.643.5.1.13.13.15.9.3";"Нет";"Нет";;"Нет"
279;279;50;"Санаторно-курортная карта для детей (CDA) Редакция 3";3;"Обязательны с указанием СНИЛС";"25 лет";"Хранится в МО";"Да";"Да";"Да";2;"10.01.2025";;"https://portal.egisz.rosminzdrav.ru/materials/4785";"1.2.643.5.1.13.13.15.10.3";"Нет";"Нет";;"Нет"
280;280;357;"Обратный талон санаторно-курортной карты (CDA) Редакция 3";3;"Обязательны с указанием СНИЛС";"25 лет";"Хранится в МО";"Да";"Да";"Да";2;"10.01.2025";;"https://portal.egisz.rosminzdrav.ru/materials/4787";"1.2.643.5.1.13.13.15.11.3";"Нет";"Нет";;"Нет"
281;281;361;"Обратный талон санаторно-курортной карты для детей (CDA) Редакция 3";3;"Обязательны с указанием СНИЛС";"25 лет";"Хранится в МО";"Да";"Да";"Да";2;"10.01.2025";;"https://portal.egisz.rosminzdrav.ru/materials/4789";"1.2.643.5.1.13.13.15.12.3";"Нет";"Нет";;"Нет"
283;283;109;"Протокол медицинской манипуляции (CDA) Редакция 2";3;"Обязательны с указанием СНИЛС";"25 лет";"Хранится в МО";"Да";"Да";"Да";2;"10.02.2025";;"https://portal.egisz.rosminzdrav.ru/materials/4797";"1.2.643.5.1.13.13.15.23.2";"Нет";"Нет";;"Нет"
277;277;252;"Карта проведения реанимации и интенсивной терапии (CDA) Редакция 1";3;"Обязательны с указанием СНИЛС";"25 лет";"Хранится в МО";"Да";"Да";"Да";2;"01.03.2025";;"https://portal.egisz.rosminzdrav.ru/materials/4815";"1.2.643.5.1.13.13.15.133.1";"Нет";"Нет";;"Нет"
285;285;540;"Протокол цитологического исследования материала, полученного при профилактическом гинекологическом осмотре, скрининге (CDA) Редакция 1";3;"Обязательны с указанием СНИЛС";"25 лет";"Хранится в МО";"Да";"Да";"Да";2;"10.03.2025";;"https://portal.egisz.rosminzdrav.ru/materials/4821";"1.2.643.5.1.13.13.15.136.1";"Нет";"Нет";;"Нет"
271;271;532;"План радиологического/радиотерапевтического лечения (CDA) Редакция 1";3;"Обязательны с указанием СНИЛС";"25 лет";"Хранится в МО";"Да";"Да";"Да";2;"10.03.2025";;"https://portal.egisz.rosminzdrav.ru/materials/4819";"1.2.643.5.1.13.13.15.129.1";"Нет";"Нет";;"Нет"
272;272;533;"Протокол радиологического/радиотерапевтического лечения (CDA) Редакция 1";3;"Обязательны с указанием СНИЛС";"25 лет";"Хранится в МО";"Да";"Да";"Да";2;"10.03.2025";;"https://portal.egisz.rosminzdrav.ru/materials/4823";"1.2.643.5.1.13.13.15.130.1";"Нет";"Нет";;"Нет"
209;209;81;"Направление к месту лечения для получения медицинской помощи (CDA) Редакция 4";3;"Обязательны с указанием СНИЛС";"25 лет";"Выдается МО";"Да";"Да";"Да";2;"01.06.2027";;"https://portal.egisz.rosminzdrav.ru/materials/4503";"1.2.643.5.1.13.13.15.67.4";"Нет";"Нет";;"Нет"
212;212;362;"О наличии оснований для внеочередного медицинского освидетельствования и об аннулировании действующего медицинского заключения об отсутствии медицинских противопоказаний к владению оружием (при его наличии) (CDA) Редакция 2";3;"Обязательны с указанием СНИЛС";"25 лет";"Хранится в МО";"Да";"Да";"Да";2;"19.12.2023";"01.05.2024";"https://portal.egisz.rosminzdrav.ru/materials/4507";"1.2.643.5.1.13.13.15.62.2";"Нет";"Нет";;"Нет"
232;232;368;"Заключение об установлении факта поствакцинального осложнения (CDA) Редакция 2";3;"Обязательны с указанием СНИЛС";"25 лет";"Хранится в МО";"Да";"Да";"Да";2;"01.06.2027";;"https://portal.egisz.rosminzdrav.ru/materials/4559";"1.2.643.5.1.13.13.15.64.2";"Нет";"Нет";;"Нет"
287;287;383;"Предоперационный осмотр врачом-анестезиологом-реаниматологом (CDA) Редакция 1";3;"Не обязательны";"25 лет";"Хранится в МО";"Да";"Да";"Да";2;"10.05.2025";;"https://portal.egisz.rosminzdrav.ru/materials/4807";"1.2.643.5.1.13.13.15.88.1";"Нет";"Нет";;"Нет"
274;274;535;"Протокол противоопухолевой лекарственной терапии (CDA) Редакция 1";3;"Обязательны с указанием СНИЛС";"25 лет";"Хранится в МО";"Да";"Да";"Да";2;"10.05.2025";;"https://portal.egisz.rosminzdrav.ru/materials/4803";"1.2.643.5.1.13.13.15.132.1";"Нет";"Нет";;"Нет"
288;288;390;"Карта проведения анестезиологического пособия (CDA) Редакция 1";3;"Не обязательны";"25 лет";"Хранится в МО";"Да";"Да";"Да";2;"10.05.2025";;"https://portal.egisz.rosminzdrav.ru/materials/4809";"1.2.643.5.1.13.13.15.127.1";"Нет";"Нет";;"Нет"
286;286;539;"Протокол эндоскопического исследования верхних отделов желудочно-кишечного тракта (CDA) Редакция 1";3;"Обязательны с указанием СНИЛС";"25 лет";"Выдается МО";"Да";"Да";"Да";2;"10.05.2025";;"https://portal.egisz.rosminzdrav.ru/materials/4805";"1.2.643.5.1.13.13.15.135.1";"Нет";"Нет";;"Нет"
273;273;534;"План противоопухолевой лекарственной терапии (CDA) Редакция 1";3;"Обязательны с указанием СНИЛС";"25 лет";"Хранится в МО";"Да";"Да";"Да";2;"10.05.2025";;"https://portal.egisz.rosminzdrav.ru/materials/4799";"1.2.643.5.1.13.13.15.131.1";"Нет";"Нет";;"Нет"
268;268;382;"Протокол анестезиологического пособия (CDA) Редакция 1";3;"Обязательны с указанием СНИЛС";"25 лет";"Хранится в МО";"Да";"Да";"Да";2;"10.05.2025";;"https://portal.egisz.rosminzdrav.ru/materials/4801";"1.2.643.5.1.13.13.15.100.1";"Нет";"Нет";;"Нет"
248;248;49;"Медицинская справка о состоянии здоровья ребенка, отъезжающего в организацию отдыха детей и их оздоровления (CDA) Редакция 3";3;"Обязательны с указанием СНИЛС";"25 лет";"Выдается МО";"Да";"Да";"Да";2;"08.07.2024";;"https://portal.egisz.rosminzdrav.ru/materials/4719";"1.2.643.5.1.13.13.15.44.3";"Да";"Нет";;"Нет"
44;44;10;"Выписной эпикриз из родильного дома (CDA) Редакция 2";3;"Обязательны";"25 лет";"Хранится в МО";"Да";"Да";"Да";2;"14.09.2020";"01.08.2024";"https://portal.egisz.rosminzdrav.ru/materials/2925";"1.2.643.5.1.13.13.15.27.2";"Да";"Нет";;"Нет"
228;228;340;"Результаты профилактического медицинского осмотра / диспансеризации (CDA) Редакция 2";3;"Обязательны с указанием СНИЛС";"25 лет";"Хранится в МО";"Да";"Да";"Да";2;"29.02.2024";;"https://portal.egisz.rosminzdrav.ru/materials/4501";"1.2.643.5.1.13.13.15.28.2";"Да";"Нет";;"Нет"
81;81;122;"Справка о временной нетрудоспособности студента, учащегося техникума, профессионально-технического училища, о болезни, карантине и прочих причинах отсутствия ребенка, посещающего школу, детское дошкольное учреждение (CDA) Редакция 2";3;"Обязательны с указанием СНИЛС";"25 лет";"Выдается МО";"Да";"Да";"Да";2;"30.06.2021";"01.07.2025";"https://portal.egisz.rosminzdrav.ru/materials/3909";"1.2.643.5.1.13.13.15.58.2";"Да";"Нет";;"Нет"
85;85;57;"Направление на консультацию и во вспомогательные кабинеты (CDA) Редакция 1";3;"Обязательны с указанием СНИЛС";"25 лет";"Выдается МО";"Да";"Да";"Да";2;"30.06.2021";;"https://portal.egisz.rosminzdrav.ru/materials/3913";"1.2.643.5.1.13.13.15.32.1";"Да";"Нет";;"Нет"
87;87;49;"Медицинская справка о состоянии здоровья ребенка, отъезжающего в организацию отдыха детей и их оздоровления (CDA) Редакция 1";3;"Обязательны с указанием СНИЛС";"25 лет";"Выдается МО";"Да";"Да";"Да";2;"30.06.2021";"01.07.2025";"https://portal.egisz.rosminzdrav.ru/materials/3917";"1.2.643.5.1.13.13.15.44.1";"Да";"Нет";;"Нет"
185;185;57;"Направление на консультацию и во вспомогательные кабинеты (CDA) Редакция 2";3;"Обязательны с указанием СНИЛС";"25 лет";"Хранится в МО";"Да";"Да";"Да";2;"14.08.2023";;"https://portal.egisz.rosminzdrav.ru/materials/4357";"1.2.643.5.1.13.13.15.32.2";"Да";"Нет";;"Нет"
129;129;340;"Результаты профилактического медицинского осмотра / диспансеризации (CDA) Редакция 1";3;"Не обязательны";"25 лет";"Хранится в МО";"Да";"Да";"Да";2;"28.08.2023";"01.07.2025";"https://portal.egisz.rosminzdrav.ru/materials/4415";"1.2.643.5.1.13.13.15.28.1";"Да";"Нет";;"Нет"
175;175;49;"Медицинская справка о состоянии здоровья ребенка, отъезжающего в организацию отдыха детей и их оздоровления (CDA) Редакция 2";3;"Обязательны с указанием СНИЛС";"25 лет";"Выдается МО";"Да";"Да";"Да";2;"14.08.2023";"01.07.2025";"https://portal.egisz.rosminzdrav.ru/materials/4343";"1.2.643.5.1.13.13.15.44.2";"Да";"Нет";;"Нет"
205;205;10;"Выписной эпикриз из родильного дома (CDA) Редакция 4";3;"Не обязательны";"25 лет";"Хранится в МО";"Да";"Да";"Да";2;"01.12.2023";;"https://portal.egisz.rosminzdrav.ru/materials/4485";"1.2.643.5.1.13.13.15.27.4";"Да";"Нет";;"Нет"
89;89;10;"Выписной эпикриз из родильного дома (CDA) Редакция 3";3;"Не обязательны";"25 лет";"Хранится в МО";"Да";"Да";"Да";2;"30.06.2021";;"https://portal.egisz.rosminzdrav.ru/materials/3921";"1.2.643.5.1.13.13.15.27.3";"Да";"Нет";;"Нет"
253;253;122;"Справка о временной нетрудоспособности студента, учащегося техникума, профессионально-технического училища, о болезни, карантине и прочих причинах отсутствия ребенка, посещающего школу, детское дошкольное учреждение (CDA) Редакция 5";3;"Обязательны с указанием СНИЛС";"25 лет";"Выдается МО";"Да";"Да";"Да";2;"24.06.2024";;"https://portal.egisz.rosminzdrav.ru/materials/4703";"1.2.643.5.1.13.13.15.58.5";"Да";"Нет";;"Нет"
92;92;2;"Эпикриз по законченному случаю амбулаторный (CDA) Редакция 4";3;"Обязательны с указанием СНИЛС";"25 лет";"Хранится в МО";"Да";"Да";"Да";2;"30.06.2021";;"https://portal.egisz.rosminzdrav.ru/materials/3927";"1.2.643.5.1.13.13.15.26.4";"Да";"Нет";;"Нет"
147;147;1;"Эпикриз в стационаре выписной (CDA) Редакция 5";3;"Обязательны с указанием СНИЛС";"25 лет";"Хранится в МО";"Да";"Да";"Да";2;"28.08.2023";;"https://portal.egisz.rosminzdrav.ru/materials/4417";"1.2.643.5.1.13.13.15.25.5";"Да";"Нет";;"Нет"
154;154;88;"Справка об отсутствии контактов с инфекционными больными (CDA) Редакция 4";3;"Обязательны с указанием СНИЛС";"25 лет";"Выдается МО";"Да";"Да";"Да";2;"14.08.2023";;"https://portal.egisz.rosminzdrav.ru/materials/4337";"1.2.643.5.1.13.13.15.56.4";"Да";"Нет";;"Нет"
169;169;122;"Справка о временной нетрудоспособности студента, учащегося техникума, профессионально-технического училища, о болезни, карантине и прочих причинах отсутствия ребенка, посещающего школу, детское дошкольное учреждение (CDA) Редакция 4";3;"Обязательны с указанием СНИЛС";"25 лет";"Выдается МО";"Да";"Да";"Да";2;"14.08.2023";;"https://portal.egisz.rosminzdrav.ru/materials/4339";"1.2.643.5.1.13.13.15.58.4";"Да";"Нет";;"Нет"
292;292;346;"Направление на госпитализацию для оказания специализированной медицинской помощи (CDA) Редакция 3";3;"Обязательны с указанием СНИЛС";"25 лет";"Хранится в МО";"Да";"Да";"Да";2;"10.07.2025";;"https://portal.egisz.rosminzdrav.ru/materials/4879";"1.2.643.5.1.13.13.15.34.3";"Нет";"Нет";;"Нет"
93;93;121;"Протокол цитологического исследования (CDA) Редакция 1";3;"Обязательны с указанием СНИЛС";"25 лет";"Хранится в МО";"Да";"Да";"Да";2;"30.06.2021";;"https://portal.egisz.rosminzdrav.ru/materials/3929";"1.2.643.5.1.13.13.15.20.1";"Да";"Нет";;"Нет"
111;111;85;"Протокол консультации в рамках диспансерного наблюдения (CDA) Редакция 4";3;"Обязательны с указанием СНИЛС";"25 лет";"Хранится в МО";"Да";"Да";"Да";2;"01.01.2022";;"https://portal.egisz.rosminzdrav.ru/materials/4023";"1.2.643.5.1.13.13.15.14.4";"Да";"Нет";;"Нет"
176;176;121;"Протокол цитологического исследования (CDA) Редакция 2";3;"Обязательны с указанием СНИЛС";"25 лет";"Хранится в МО";"Да";"Да";"Да";2;"14.08.2023";;"https://portal.egisz.rosminzdrav.ru/materials/4373";"1.2.643.5.1.13.13.15.20.2";"Да";"Нет";;"Нет"
198;198;381;"Первичный осмотр врачом приемного отделения (дежурным врачом или лечащим врачом) (CDA) Редакция 1";3;"Обязательны с указанием СНИЛС";"25 лет";"Хранится в МО";"Да";"Да";"Да";2;"28.09.2023";;"https://portal.egisz.rosminzdrav.ru/materials/4453";"1.2.643.5.1.13.13.15.86.1";"Да";"Нет";;"Нет"
202;202;107;"Направление на лабораторное исследование (CDA) Редакция 1";3;"Обязательны с указанием СНИЛС";"25 лет";"Хранится в МО";"Да";"Да";"Да";2;"28.09.2023";;"https://portal.egisz.rosminzdrav.ru/materials/4461";"1.2.643.5.1.13.13.15.85.1";"Да";"Нет";;"Нет"
284;284;121;"Протокол цитологического исследования (CDA) Редакция 3";3;"Обязательны с указанием СНИЛС";"25 лет";"Хранится в МО";"Да";"Да";"Да";2;"10.02.2025";;"https://portal.egisz.rosminzdrav.ru/materials/4795";"1.2.643.5.1.13.13.15.20.3";"Да";"Нет";;"Нет"
293;293;91;"Медицинская справка в бассейн (CDA) Редакция 4";3;"Обязательны с указанием СНИЛС";"25 лет";"Выдается МО";"Да";"Да";"Да";2;"10.10.2025";;"https://portal.egisz.rosminzdrav.ru/materials/4991";"1.2.643.5.1.13.13.15.53.4";"Нет";"Нет";;"Нет"
294;294;71;"Медицинское заключение об отсутствии противопоказаний к занятию определенными видами спорта (CDA) Редакция 4";3;"Обязательны с указанием СНИЛС";"25 лет";"Выдается МО";"Да";"Да";"Да";2;"10.10.2025";;"https://portal.egisz.rosminzdrav.ru/materials/4993";"1.2.643.5.1.13.13.15.54.4";"Да";"Нет";;"Нет"
99;99;347;"Выписка из протокола врачебной комиссии (CDA) Редакция 1";3;"Обязательны с указанием СНИЛС";"25 лет";"Хранится в МО";"Да";"Да";"Да";2;"04.11.2021";;"https://portal.egisz.rosminzdrav.ru/materials/3993";"1.2.643.5.1.13.13.15.75.1";"Да";"Нет";;"Нет"
115;115;74;"Карта вызова скорой медицинской помощи (CDA) Редакция 2";3;"Не обязательны";"25 лет";"Хранится в МО";"Да";"Да";"Да";2;"03.02.2022";;"https://portal.egisz.rosminzdrav.ru/materials/4043";"1.2.643.5.1.13.13.15.72.2";"Да";"Нет";;"Нет"
158;158;347;"Выписка из протокола решения врачебной комиссии (CDA) Редакция 2";3;"Обязательны с указанием СНИЛС";"25 лет";"Хранится в МО";"Да";"Да";"Да";2;"28.08.2023";;"https://portal.egisz.rosminzdrav.ru/materials/4307";"1.2.643.5.1.13.13.15.75.2";"Да";"Нет";;"Нет"
191;191;341;"Осмотр лечащим врачом, врачом-специалистом, заведующим отделением, лечащим врачом совместно с врачом-специалистом, лечащим врачом совместно с заведующим отделением (CDA) Редакция 1";3;"Обязательны с указанием СНИЛС";"25 лет";"Хранится в МО";"Да";"Да";"Да";2;"14.08.2023";;"https://portal.egisz.rosminzdrav.ru/materials/4365";"1.2.643.5.1.13.13.15.78.1";"Да";"Нет";;"Нет"
306;306;51;"Медицинское заключение по результатам предварительного (периодического) медицинского осмотра (обследования) (CDA) Редакция 3";3;"Обязательны с указанием СНИЛС";"25 лет";"Выдается МО";"Да";"Да";"Да";2;"10.11.2025";;"https://portal.egisz.rosminzdrav.ru/materials/5011";"1.2.643.5.1.13.13.15.47.3";"Да";"Нет";;"Нет"
296;296;462;"Заключение о состоянии здоровья ребенка-сироты, ребенка, оставшегося без попечения родителей, помещаемого под надзор в организацию для детей-сирот и детей, оставшихся без попечения родителей (CDA) Редакция 1";3;"Обязательны";"25 лет";"Выдается МО";"Да";"Да";"Да";2;"10.11.2025";;"https://portal.egisz.rosminzdrav.ru/materials/5009";"1.2.643.5.1.13.13.15.142.1";"Нет";"Нет";;"Нет"
305;305;475;"Медицинское заключение о наличии (об отсутствии) у трактористов, машинистов и водителей самоходных машин (кандидатов в трактористы, машинисты и водители самоходных машин) медицинских противопоказаний, медицинских показаний или медицинских ограничений к управлению самоходными машинами (CDA) Редакция 1";3;"Обязательны с указанием СНИЛС";"25 лет";"Выдается МО";"Да";"Да";"Да";2;"10.11.2025";;"https://portal.egisz.rosminzdrav.ru/materials/5010";"1.2.643.5.1.13.13.15.146.1";"Нет";"Нет";;"Нет"
307;307;349;"Протокол консилиума врачей (CDA) Редакция 1";3;"Обязательны с указанием СНИЛС";"25 лет";"Хранится в МО";"Да";"Да";"Да";2;"17.11.2025";;"https://portal.egisz.rosminzdrav.ru/materials/5012";"1.2.643.5.1.13.13.15.148.1";"Нет";"Нет";;"Нет"
323;323;542;"Протокол ультразвукового исследования предстательной железы (CDA) Редакция 1";3;"Обязательны с указанием СНИЛС";"25 лет";"Хранится в МО";"Да";"Да";"Да";2;"10.04.2026";;;"1.2.643.5.1.13.13.15.138.1";"Нет";"Нет";;"Нет"
125;125;13;"Медицинское свидетельство о смерти (CDA) Редакция 6";3;"Не обязательны";"25 лет";"Выдается МО";"Да";"Да";"Да";2;"27.12.2027";;"https://portal.egisz.rosminzdrav.ru/materials/4325";"1.2.643.5.1.13.13.15.35.6";"Нет";"Нет";;"Да"
117;117;45;"Медицинское заключение об отсутствии медицинских противопоказаний к владению оружием (CDA) Редакция 2";3;"Обязательны с указанием СНИЛС";"25 лет";"Выдается МО";"Да";"Да";"Да";2;"27.12.2027";;"https://portal.egisz.rosminzdrav.ru/materials/4055";"1.2.643.5.1.13.13.15.41.2";"Нет";"Нет";;"Нет"
167;167;33;"Медицинское свидетельство о рождении (CDA) Редакция 5";3;"Не обязательны";"25 лет";"Выдается МО";"Да";"Да";"Да";2;"27.12.2027";;"https://portal.egisz.rosminzdrav.ru/materials/4059";"1.2.643.5.1.13.13.15.39.5";"Нет";"Нет";;"Да"
168;168;33;"Документ, содержащий сведения медицинского свидетельства о рождении в бумажной форме (CDA) Редакция 5";3;"Не обязательны";"25 лет";"Выдается МО";"Да";"Да";"Да";2;"27.12.2027";;"https://portal.egisz.rosminzdrav.ru/materials/4059";"1.2.643.5.1.13.13.15.39.5";"Нет";"Нет";;"Да"
126;126;353;"Документ, содержащий сведения медицинского свидетельства о смерти в бумажной форме (CDA) Редакция 6";3;"Не обязательны";"25 лет";"Выдается МО";"Да";"Да";"Да";2;"27.12.2027";;"https://portal.egisz.rosminzdrav.ru/materials/4325";"1.2.643.5.1.13.13.15.36.6";"Нет";"Нет";;"Да"
127;127;14;"Медицинское свидетельство о перинатальной смерти (CDA) Редакция 3";3;"Не обязательны";"25 лет";"Выдается МО";"Да";"Да";"Да";2;"27.12.2027";;"https://portal.egisz.rosminzdrav.ru/materials/4327";"1.2.643.5.1.13.13.15.37.3";"Нет";"Нет";;"Да"
128;128;354;"Документ, содержащий сведения медицинского свидетельства о перинатальной смерти в бумажной форме (CDA) Редакция 3";3;"Не обязательны";"25 лет";"Выдается МО";"Да";"Да";"Да";2;"27.12.2027";;"https://portal.egisz.rosminzdrav.ru/materials/4327";"1.2.643.5.1.13.13.15.38.3";"Нет";"Нет";;"Да"
180;180;46;"Медицинское заключение об отсутствии в организме человека наркотических средств, психотропных веществ и их метаболитов (CDA) Редакция 2";3;"Обязательны с указанием СНИЛС";"25 лет";"Выдается МО";"Да";"Да";"Да";2;"27.12.2027";;"https://portal.egisz.rosminzdrav.ru/materials/4351";"1.2.643.5.1.13.13.15.42.2";"Нет";"Нет";;"Нет"
309;309;254;"Протокол патолого-анатомического вскрытия умершего ребенка в возрасте свыше семи дней жизни или умершего взрослого (CDA) Редакция 3";3;"Не обязательны";"25 лет";"Хранится в МО";"Да";"Да";"Да";2;"25.12.2025";;"https://portal.egisz.rosminzdrav.ru/materials/5017";"1.2.643.5.1.13.13.15.22.3";"Нет";"Нет";;"Нет"
289;289;85;"Протокол консультации в рамках диспансерного наблюдения (CDA) Редакция 6";3;"Обязательны с указанием СНИЛС";"25 лет";"Хранится в МО";"Да";"Да";"Да";2;"10.01.2026";;"https://portal.egisz.rosminzdrav.ru/materials/5020";"1.2.643.5.1.13.13.15.14.6";"Нет";"Нет";;"Нет"
291;291;241;"Направление на госпитализацию для оказания высокотехнологичной медицинской помощи (CDA) Редакция 3";3;"Обязательны с указанием СНИЛС";"25 лет";"Хранится в МО";"Да";"Да";"Да";2;"30.12.2025";;"https://portal.egisz.rosminzdrav.ru/materials/4881";"1.2.643.5.1.13.13.15.33.3";"Нет";"Нет";;"Нет"
298;298;548;"Направление на цитологическое исследование материала, полученного при профилактическом гинекологическом осмотре, скрининге (CDA) Редакция 1";3;"Обязательны с указанием СНИЛС";"25 лет";"Хранится в МО";"Да";"Да";"Да";2;"10.01.2026";;"https://portal.egisz.rosminzdrav.ru/materials/5019";"1.2.643.5.1.13.13.15.144.1";"Нет";"Нет";;"Нет"
311;311;3;"Направление для оказания медицинской помощи (CDA) Редакция 6";3;"Обязательны с указанием СНИЛС";"25 лет";"Хранится в МО";"Да";"Да";"Да";2;"10.04.2026";;"https://portal.egisz.rosminzdrav.ru/materials/5038";"1.2.643.5.1.13.13.15.31.6";"Да";"Нет";;"Нет"
324;324;553;"Эпикриз в стационаре выписной (онкологический) (CDA) Редакция 1";3;"Обязательны с указанием СНИЛС";"25 лет";"Хранится в МО";"Да";"Да";"Да";2;"10.04.2026";;;"1.2.643.5.1.13.13.15.154.1";"Нет";"Нет";;"Нет"
290;290;5;"Протокол консультации (CDA) Редакция 7";3;"Обязательны с указанием СНИЛС";"25 лет";"Хранится в МО";"Да";"Да";"Да";2;"10.01.2026";;"https://portal.egisz.rosminzdrav.ru/materials/5055";"1.2.643.5.1.13.13.15.13.7";"Нет";"Нет";;"Нет"
297;297;547;"Направление на цитологическое исследование (CDA) Редакция 1";3;"Обязательны с указанием СНИЛС";"25 лет";"Хранится в МО";"Да";"Да";"Да";2;"10.01.2026";;"https://portal.egisz.rosminzdrav.ru/materials/5056";"1.2.643.5.1.13.13.15.143.1";"Нет";"Нет";;"Нет"
192;192;77;"Справка о количестве донаций донорской крови и ее компонентов (CDA) Редакция 1";3;"Обязательны с указанием СНИЛС";"25 лет";"Хранится в МО";"Да";"Да";"Да";2;"14.08.2023";;"https://portal.egisz.rosminzdrav.ru/materials/4367";"1.2.643.5.1.13.13.15.82.1";"Нет";"Нет";;"Нет"
315;315;543;"Протокол коронарографии (CDA) Редакция 1";3;"Обязательны с указанием СНИЛС";"25 лет";"Хранится в МО";"Да";"Да";"Да";2;"10.02.2026";;"https://portal.egisz.rosminzdrav.ru/materials/5103";"1.2.643.5.1.13.13.15.139.1";"Нет";"Нет";;"Нет"
316;316;544;"Протокол чрескожного коронарного вмешательства (CDA) Редакция 1";3;"Обязательны с указанием СНИЛС";"25 лет";"Хранится в МО";"Да";"Да";"Да";2;"10.02.2026";;"https://portal.egisz.rosminzdrav.ru/materials/5029";"1.2.643.5.1.13.13.15.140.1";"Нет";"Нет";;"Нет"
317;317;431;"Талон дополнений к контрольной карте диспансерного наблюдения больного злокачественным новообразованием (CDA) Редакция 1";3;"Обязательны с указанием СНИЛС";"25 лет";"Хранится в МО";"Да";"Да";"Да";2;"10.02.2026";;"https://portal.egisz.rosminzdrav.ru/materials/5102";"1.2.643.5.1.13.13.15.145.1";"Нет";"Нет";;"Нет"
303;303;541;"Протокол результата ультразвукового исследования щитовидной железы и околощитовидных желез (CDA) Редакция 1";3;"Обязательны с указанием СНИЛС";"25 лет";"Хранится в МО";"Да";"Да";"Да";2;"10.02.2026";;"https://portal.egisz.rosminzdrav.ru/materials/5028";"1.2.643.5.1.13.13.15.137.1";"Нет";"Нет";;"Нет"
308;308;10;"Выписной эпикриз из родильного дома (CDA) Редакция 5";3;"Не обязательны";"25 лет";"Хранится в МО";"Да";"Да";"Да";2;"10.02.2026";;"https://portal.egisz.rosminzdrav.ru/materials/5027";"1.2.643.5.1.13.13.15.27.5";"Да";"Нет";;"Нет"
329;329;361;"Обратный талон санаторно-курортной карты для детей (CDA) Редакция 4";3;"Обязательны с указанием СНИЛС";"25 лет";"Хранится в МО";"Да";"Да";"Да";2;"10.07.2026";;;"1.2.643.5.1.13.13.15.12.4";"Нет";"Нет";;"Нет"
327;327;357;"Обратный талон санаторно-курортной карты (CDA) Редакция 4";3;"Обязательны с указанием СНИЛС";"25 лет";"Хранится в МО";"Да";"Да";"Да";2;"10.07.2026";;;"1.2.643.5.1.13.13.15.11.4";"Нет";"Нет";;"Нет"
312;312;347;"Выписка из протокола решения врачебной комиссии (CDA) Редакция 3";3;"Обязательны с указанием СНИЛС";"25 лет";"Хранится в МО";"Да";"Да";"Да";2;"17.11.2025";;"https://portal.egisz.rosminzdrav.ru/materials/5013";"1.2.643.5.1.13.13.15.75.3";"Да";"Нет";;"Нет"
310;310;458;"Протокол патолого-анатомического вскрытия плода, мертворожденного или умершего ребенка в возрасте до семи дней жизни включительно (CDA) Редакция 2";3;"Не обязательны";"25 лет";"Хранится в МО";"Да";"Да";"Да";2;"10.03.2026";;"https://portal.egisz.rosminzdrav.ru/materials/5139";"1.2.643.5.1.13.13.15.108.2";"Нет";"Нет";;"Нет"
318;318;182;"Медицинское заключение об отсутствии медицинских противопоказаний к исполнению обязанностей частного охранника (CDA) Редакция 1";3;"Обязательны с указанием СНИЛС";"25 лет";"Выдается МО";"Да";"Да";"Да";2;"01.09.2026";;"https://portal.egisz.rosminzdrav.ru/materials/5025";"1.2.643.5.1.13.13.15.157.1";"Нет";"Нет";;"Нет"
314;314;564;"Медицинское заключение о наличии или об отсутствии профессионального заболевания (CDA) Редакция 1";3;"Обязательны с указанием СНИЛС";"25 лет";"Выдается МО";"Да";"Да";"Да";2;"10.03.2026";;"https://portal.egisz.rosminzdrav.ru/materials/5024";"1.2.643.5.1.13.13.15.156.1";"Нет";"Нет";;"Нет"
322;322;551;"Сведения о медицинском осмотре по репродуктивному здоровью (CDA) Редакция 1";3;"Обязательны с указанием СНИЛС";"25 лет";"Хранится в МО";"Да";"Да";"Да";2;"10.03.2026";;"https://portal.egisz.rosminzdrav.ru/materials/5141";"1.2.643.5.1.13.13.15.151.1";"Нет";"Нет";;"Нет"
313;313;176;"Медицинское заключение о пригодности или непригодности к выполнению отдельных видов работ (CDA) Редакция 1";3;"Обязательны с указанием СНИЛС";"25 лет";"Выдается МО";"Да";"Да";"Да";2;"10.03.2026";;"https://portal.egisz.rosminzdrav.ru/materials/5070";"1.2.643.5.1.13.13.15.155.1";"Нет";"Нет";;"Нет"
299;299;546;"Переводной эпикриз на ребенка, достигшего возраста 18 лет, из детской поликлиники в поликлинику для взрослого населения (CDA) Редакция 1";3;"Обязательны с указанием СНИЛС";"25 лет";"Хранится в МО";"Да";"Да";"Да";2;"10.03.2026";;"https://portal.egisz.rosminzdrav.ru/materials/5140";"1.2.643.5.1.13.13.15.141.1";"Нет";"Нет";;"Нет"
319;319;569;"Медицинское заключение об отсутствии медицинских противопоказаний к осуществлению частной детективной деятельности (CDA) Редакция 1";3;"Обязательны с указанием СНИЛС";"25 лет";"Выдается МО";"Да";"Да";"Да";2;"01.09.2026";;;"1.2.643.5.1.13.13.15.158.1";"Нет";"Нет";;"Нет"
320;320;570;"Сообщение об аннулировании действующего медицинского заключения об отсутствии медицинских противопоказаний к исполнению обязанностей частного охранника (CDA) Редакция 1";3;"Обязательны с указанием СНИЛС";"25 лет";"Выдается МО";"Да";"Да";"Да";2;"01.09.2026";;;"1.2.643.5.1.13.13.15.159.1";"Нет";"Нет";;"Нет"
321;321;571;"Сообщение об аннулировании действующего медицинского заключения об отсутствии медицинских противопоказаний к осуществлению частной детективной деятельности (CDA) Редакция 1";3;"Обязательны с указанием СНИЛС";"25 лет";"Выдается МО";"Да";"Да";"Да";2;"01.09.2026";;;"1.2.643.5.1.13.13.15.160.1";"Нет";"Нет";;"Нет"
331;331;241;"Направление на госпитализацию для оказания высокотехнологичной и специализированной медицинской помощи (CDA) Редакция 4";3;"Обязательны с указанием СНИЛС";"25 лет";"Хранится в МО";"Да";"Да";"Да";2;"10.07.2026";;;"1.2.643.5.1.13.13.15.33.4";"Нет";"Нет";;"Нет"
149;149;69;"Медицинское заключение о принадлежности несовершеннолетнего к медицинской группе для занятий физической культурой (CDA) Редакция 3";3;"Обязательны с указанием СНИЛС";"25 лет";"Выдается МО";"Да";"Да";"Да";2;"14.08.2023";;"https://portal.egisz.rosminzdrav.ru/materials/4331";"1.2.643.5.1.13.13.15.52.3";"Да";"Нет";;"Нет"
216;216;343;"Справка о постановке на учет по беременности (CDA) Редакция 2";3;"Обязательны с указанием СНИЛС";"25 лет";"Выдается МО";"Да";"Да";"Да";2;"28.12.2023";;"https://portal.egisz.rosminzdrav.ru/materials/4521";"1.2.643.5.1.13.13.15.60.2";"Да";"Нет";;"Нет"
220;220;53;"Сертификат о профилактических прививках (CDA) Редакция 3";3;"Обязательны с указанием СНИЛС";"25 лет";"Выдается МО";"Да";"Да";"Да";2;"07.03.2024";;"https://portal.egisz.rosminzdrav.ru/materials/4561";"1.2.643.5.1.13.13.15.46.3";"Да";"Нет";;"Нет"
302;302;69;"Медицинское заключение о принадлежности несовершеннолетнего к медицинской группе для занятий физической культурой (CDA) Редакция 4";3;"Обязательны с указанием СНИЛС";"25 лет";"Выдается МО";"Да";"Да";"Да";2;"10.10.2025";;"https://portal.egisz.rosminzdrav.ru/materials/4994";"1.2.643.5.1.13.13.15.52.4";"Да";"Нет";;"Нет"